"t_us","t_s","weight_raw_kg","offset_raw_kg","weight_adj_kg","weight_raw_N","weight_adj_N"
54633,0.054633,0.00703132152557373,0,0.00703132152557373,0.0689537092387676,0.0689537092387676
66094,0.066094,0.000748038291931152,0,0.000748038291931152,0.00733574971556663,0.00733574971556663
77557,0.077557,0.00119686126708984,0,0.00119686126708984,0.0117371995449066,0.0117371995449066
89019,0.089019,0.000748038291931152,0,0.000748038291931152,0.00733574971556663,0.00733574971556663
100483,0.100483,0.00508654117584229,0,0.00508654117584229,0.0498819290220737,0.0498819290220737
111945,0.111945,0.00022435188293457,0,0.00022435188293457,0.0022001403927803,0.0022001403927803
123408,0.123408,-0.00613367557525635,0,-0.00613367557525635,-0.0601508095800877,-0.0601508095800877
134870,0.13487,0.00201964378356934,0,0.00201964378356934,0.0198059397101402,0.0198059397101402
146334,0.146334,0.00164568424224854,0,0.00164568424224854,0.0161386493742466,0.0161386493742466
157797,0.157797,0.00568497180938721,0,0.00568497180938721,0.055750528794527,0.055750528794527
169259,0.169259,0.00403928756713867,0,0.00403928756713867,0.0396118794202805,0.0396118794202805
180724,0.180724,0.00329124927520752,0,0.00329124927520752,0.0322761297047138,0.0322761297047138
192188,0.192188,0.000598430633544922,0,0.000598430633544922,0.00586859977245331,0.00586859977245331
203651,0.203651,0.0160822868347168,0,0.0160822868347168,0.157713358187675,0.157713358187675
215114,0.215114,0.00568497180938721,0,0.00568497180938721,0.055750528794527,0.055750528794527
238084,0.238084,0.0103225708007812,0,0.0103225708007812,0.101229838943481,0.101229838943481
249503,0.249503,0.00949978828430176,0,0.00949978828430176,0.0931610987782478,0.0931610987782478
260965,0.260965,-0.00187003612518311,0,-0.00187003612518311,-0.0183387897670269,-0.0183387897670269
272427,0.272427,-0.000598430633544922,0,-0.000598430633544922,-0.00586859977245331,-0.00586859977245331
283889,0.283889,0.0038149356842041,0,0.0038149356842041,0.0374117390275001,0.0374117390275001
295351,0.295351,0.00351572036743164,0,0.00351572036743164,0.0344774391412735,0.0344774391412735
306814,0.306814,0.00276768207550049,0,0.00276768207550049,0.0271416894257069,0.0271416894257069
318277,0.318277,0.00388967990875244,0,0.00388967990875244,0.0381447294771671,0.0381447294771671
329752,0.329752,0.0107713937759399,0,0.0107713937759399,0.105631288772821,0.105631288772821
341202,0.341202,0.00822818279266357,0,0.00822818279266357,0.0806909087836742,0.0806909087836742
352665,0.352665,0.00224399566650391,0,0.00224399566650391,0.0220060801029205,0.0220060801029205
364129,0.364129,0.00127160549163818,0,0.00127160549163818,0.0124701899945736,0.0124701899945736
375591,0.375591,0.000673174858093262,0,0.000673174858093262,0.00660159022212028,0.00660159022212028
387053,0.387053,-0.00755488872528076,0,-0.00755488872528076,-0.0740881495177746,-0.0740881495177746
398517,0.398517,-0.00209438800811768,0,-0.00209438800811768,-0.0205389301598072,-0.0205389301598072
421446,0.421446,0.000748038291931152,0,0.000748038291931152,0.00733574971556663,0.00733574971556663
432909,0.432909,0.00344085693359375,0,0.00344085693359375,0.0337432796478271,0.0337432796478271
444373,0.444373,-0.000523567199707031,0,-0.000523567199707031,-0.00513444027900696,-0.00513444027900696
455837,0.455837,0.00927543640136719,0,0.00927543640136719,0.0909609583854675,0.0909609583854675
467299,0.467299,0.00703132152557373,0,0.00703132152557373,0.0689537092387676,0.0689537092387676
478762,0.478762,0.00306689739227295,0,0.00306689739227295,0.0300759893119335,0.0300759893119335
490225,0.490225,0.00680696964263916,0,0.00680696964263916,0.0667535688459873,0.0667535688459873
501687,0.501687,0.00201964378356934,0,0.00201964378356934,0.0198059397101402,0.0198059397101402
513150,0.51315,0.00620853900909424,0,0.00620853900909424,0.060884969073534,0.060884969073534
524613,0.524613,0.00448811054229736,0,0.00448811054229736,0.0440133292496204,0.0440133292496204
536075,0.536075,-0.00949978828430176,0,-0.00949978828430176,-0.0931610987782478,-0.0931610987782478
547538,0.547538,-0.000598430633544922,0,-0.000598430633544922,-0.00586859977245331,-0.00586859977245331
559000,0.559,0.0117437839508057,0,0.0117437839508057,0.115167178881168,0.115167178881168
570463,0.570463,0.0154091119766235,0,0.0154091119766235,0.151111767965555,0.151111767965555
581925,0.581925,0.0121926069259644,0,0.0121926069259644,0.119568628710508,0.119568628710508
604852,0.604852,0.00104725360870361,0,0.00104725360870361,0.0102700496017933,0.0102700496017933
616317,0.616317,0.00546050071716309,0,0.00546050071716309,0.0535492193579674,0.0535492193579674
627782,0.627782,0.00187003612518311,0,0.00187003612518311,0.0183387897670269,0.0183387897670269
639248,0.639248,-0.0045628547668457,0,-0.0045628547668457,-0.0447463196992874,-0.0447463196992874
650712,0.650712,0.00935018062591553,0,0.00935018062591553,0.0916939488351345,0.0916939488351345
662176,0.662176,0.0160075426101685,0,0.0160075426101685,0.156980367738008,0.156980367738008
673639,0.673639,-0.00261807441711426,0,-0.00261807441711426,-0.0256745394825935,-0.0256745394825935
685104,0.685104,-0.00329124927520752,0,-0.00329124927520752,-0.0322761297047138,-0.0322761297047138
696569,0.696569,-0.00553524494171143,0,-0.00553524494171143,-0.0542822098076344,-0.0542822098076344
708031,0.708031,-0.0041888952255249,0,-0.0041888952255249,-0.0410790293633938,-0.0410790293633938
719510,0.71951,0.000299215316772461,0,0.000299215316772461,0.00293429988622665,0.00293429988622665
730959,0.730959,-0.00284242630004883,0,-0.00284242630004883,-0.0278746798753738,-0.0278746798753738
742422,0.742422,-0.0171295404434204,0,-0.0171295404434204,-0.167983407789469,-0.167983407789469
753886,0.753886,-0.0134642124176025,0,-0.0134642124176025,-0.132038818705082,-0.132038818705082
765348,0.765348,-0.0109210014343262,0,-0.0109210014343262,-0.107098438715935,-0.107098438715935
788276,0.788276,0.00553536415100098,0,0.00553536415100098,0.0542833788514137,0.0542833788514137
799739,0.799739,0.000897645950317383,0,0.000897645950317383,0.00880289965867996,0.00880289965867996
811203,0.811203,-0.000299215316772461,0,-0.000299215316772461,-0.00293429988622665,-0.00293429988622665
822666,0.822666,0.0068817138671875,0,0.0068817138671875,0.0674865592956543,0.0674865592956543
834130,0.83413,0.0153342485427856,0,0.0153342485427856,0.150377608472109,0.150377608472109
845594,0.845594,0.0155587196350098,0,0.0155587196350098,0.152578917908669,0.152578917908669
857058,0.857058,0.0113698244094849,0,0.0113698244094849,0.111499888545275,0.111499888545275
868522,0.868522,0.00860214233398438,0,0.00860214233398438,0.0843581991195679,0.0843581991195679
879986,0.879986,0.00964939594268799,0,0.00964939594268799,0.0946282487213611,0.0946282487213611
891449,0.891449,0.00478732585906982,0,0.00478732585906982,0.0469476291358471,0.0469476291358471
902913,0.902913,0.00014960765838623,0,0.00014960765838623,0.00146714994311333,0.00146714994311333
914376,0.914376,0.00172042846679688,0,0.00172042846679688,0.0168716398239136,0.0168716398239136
925839,0.925839,-0.00381481647491455,0,-0.00381481647491455,-0.0374105699837208,-0.0374105699837208
937304,0.937304,0.00613367557525635,0,0.00613367557525635,0.0601508095800877,0.0601508095800877
948767,0.948767,0.0095745325088501,0,0.0095745325088501,0.0938940892279148,0.0938940892279148
971695,0.971695,0.0104721784591675,0,0.0104721784591675,0.102696988886595,0.102696988886595
983159,0.983159,0.00448811054229736,0,0.00448811054229736,0.0440133292496204,0.0440133292496204
994622,0.994622,0.00179529190063477,0,0.00179529190063477,0.0176057993173599,0.0176057993173599
1006086,1.006086,-0.00164568424224854,0,-0.00164568424224854,-0.0161386493742466,-0.0161386493742466
1017552,1.017552,-0.00403928756713867,0,-0.00403928756713867,-0.0396118794202805,-0.0396118794202805
1029019,1.029019,0.00359046459197998,0,0.00359046459197998,0.0352104295909405,0.0352104295909405
1040484,1.040484,0.00695657730102539,0,0.00695657730102539,0.0682207187891006,0.0682207187891006
1051950,1.05195,-0.0174287557601929,0,-0.0174287557601929,-0.170917707675695,-0.170917707675695
1063414,1.063414,-0.00403928756713867,0,-0.00403928756713867,-0.0396118794202805,-0.0396118794202805
1074880,1.07488,0.00665736198425293,0,0.00665736198425293,0.065286418902874,0.065286418902874
1086346,1.086346,-0.000897645950317383,0,-0.000897645950317383,-0.00880289965867996,-0.00880289965867996
1097809,1.097809,-0.00172042846679688,0,-0.00172042846679688,-0.0168716398239136,-0.0168716398239136
1109274,1.109274,0.00022435188293457,0,0.00022435188293457,0.0022001403927803,0.0022001403927803
1120738,1.120738,-0.00366520881652832,0,-0.00366520881652832,-0.0359434200406075,-0.0359434200406075
1132202,1.132202,-0.00680696964263916,0,-0.00680696964263916,-0.0667535688459873,-0.0667535688459873
1155130,1.15513,0.00748014450073242,0,0.00748014450073242,0.0733551590681076,0.0733551590681076
1166593,1.166593,0.0151846408843994,0,0.0151846408843994,0.148910458528996,0.148910458528996
1178058,1.178058,0.0135390758514404,0,0.0135390758514404,0.132772978198528,0.132772978198528
1189521,1.189521,0.00284242630004883,0,0.00284242630004883,0.0278746798753738,0.0278746798753738
1200986,1.200986,0.00575971603393555,0,0.00575971603393555,0.056483519244194,0.056483519244194
1212451,1.212451,0.0122674703598022,0,0.0122674703598022,0.120302788203955,0.120302788203955
1223914,1.223914,0.00942504405975342,0,0.00942504405975342,0.0924281083285809,0.0924281083285809
1235380,1.23538,0.000373959541320801,0,0.000373959541320801,0.00366729033589363,0.00366729033589363
1246842,1.246842,0.0129406452178955,0,0.0129406452178955,0.126904378426075,0.126904378426075
1258307,1.258307,0.00613367557525635,0,0.00613367557525635,0.0601508095800877,0.0601508095800877
1269771,1.269771,-0.00306689739227295,0,-0.00306689739227295,-0.0300759893119335,-0.0300759893119335
1281236,1.281236,-0.00224399566650391,0,-0.00224399566650391,-0.0220060801029205,-0.0220060801029205
1292700,1.2927,0.014586329460144,0,0.014586329460144,0.143043027800322,0.143043027800322
1304164,1.304164,0.0041888952255249,0,0.0041888952255249,0.0410790293633938,0.0410790293633938
1315629,1.315629,-0.0102478265762329,0,-0.0102478265762329,-0.100496848493814,-0.100496848493814
1338563,1.338563,-0.00112199783325195,0,-0.00112199783325195,-0.0110030400514603,-0.0110030400514603
1350030,1.35003,-0.000299215316772461,0,-0.000299215316772461,-0.00293429988622665,-0.00293429988622665
1361495,1.361495,0.00815331935882568,0,0.00815331935882568,0.0799567492902279,0.0799567492902279
1372961,1.372961,0.0142871141433716,0,0.0142871141433716,0.140108727914095,0.140108727914095
1384427,1.384427,0.0103974342346191,0,0.0103974342346191,0.101963998436928,0.101963998436928
1395892,1.395892,0.00733053684234619,0,0.00733053684234619,0.0718880091249943,0.0718880091249943
1407358,1.407358,0.00426363945007324,0,0.00426363945007324,0.0418120198130608,0.0418120198130608
1418824,1.418824,0.00845253467559814,0,0.00845253467559814,0.0828910491764545,0.0828910491764545
1430289,1.430289,0.00351572036743164,0,0.00351572036743164,0.0344774391412735,0.0344774391412735
1441754,1.441754,-0.00635814666748047,0,-0.00635814666748047,-0.0623521190166473,-0.0623521190166473
1453219,1.453219,0,0,0,0,0
1464682,1.464682,0.0103974342346191,0,0.0103974342346191,0.101963998436928,0.101963998436928
1476150,1.47615,0.00284242630004883,0,0.00284242630004883,0.0278746798753738,0.0278746798753738
1487617,1.487617,-0.00246846675872803,0,-0.00246846675872803,-0.0242073895394802,-0.0242073895394802
1499084,1.499084,0.000673174858093262,0,0.000673174858093262,0.00660159022212028,0.00660159022212028
1522015,1.522015,-0.00194478034973145,0,-0.00194478034973145,-0.0190717802166939,-0.0190717802166939
1533480,1.53348,0.0169051885604858,0,0.0169051885604858,0.165783267396688,0.165783267396688
1544944,1.544944,0.0185507535934448,0,0.0185507535934448,0.181920747727156,0.181920747727156
1556408,1.556408,-0.00164568424224854,0,-0.00164568424224854,-0.0161386493742466,-0.0161386493742466
1567874,1.567874,-0.0121926069259644,0,-0.0121926069259644,-0.119568628710508,-0.119568628710508
1579339,1.579339,-0.00613367557525635,0,-0.00613367557525635,-0.0601508095800877,-0.0601508095800877
1590804,1.590804,-0.00613367557525635,0,-0.00613367557525635,-0.0601508095800877,-0.0601508095800877
1602267,1.602267,-0.00224399566650391,0,-0.00224399566650391,-0.0220060801029205,-0.0220060801029205
1613731,1.613731,-0.00112199783325195,0,-0.00112199783325195,-0.0110030400514603,-0.0110030400514603
1625196,1.625196,-0.00396442413330078,0,-0.00396442413330078,-0.0388777199268341,-0.0388777199268341
1636659,1.636659,0.00807857513427734,0,0.00807857513427734,0.0792237588405609,0.0792237588405609
1648133,1.648133,0.0191491842269897,0,0.0191491842269897,0.187789347499609,0.187789347499609
1659590,1.65959,0.0150351524353027,0,0.0150351524353027,0.147444477629662,0.147444477629662
1671053,1.671053,0.00575971603393555,0,0.00575971603393555,0.056483519244194,0.056483519244194
1682518,1.682518,0.00216925144195557,0,0.00216925144195557,0.0212730896532536,0.0212730896532536
1705445,1.705445,-0.00433850288391113,0,-0.00433850288391113,-0.0425461793065071,-0.0425461793065071
1716910,1.71691,0.0088266134262085,0,0.0088266134262085,0.0865595085561275,0.0865595085561275
1728374,1.728374,0.0129406452178955,0,0.0129406452178955,0.126904378426075,0.126904378426075
1739840,1.73984,0.0100233554840088,0,0.0100233554840088,0.0982955390572548,0.0982955390572548
1751306,1.751306,0.00561010837554932,0,0.00561010837554932,0.0550163693010807,0.0550163693010807
1762772,1.762772,-0.0118186473846436,0,-0.0118186473846436,-0.115901338374615,-0.115901338374615
1774239,1.774239,-0.00635814666748047,0,-0.00635814666748047,-0.0623521190166473,-0.0623521190166473
1785703,1.785703,0.0154091119766235,0,0.0154091119766235,0.151111767965555,0.151111767965555
1797167,1.797167,0.0201215744018555,0,0.0201215744018555,0.197325237607956,0.197325237607956
1808632,1.808632,0.0154838562011719,0,0.0154838562011719,0.151844758415222,0.151844758415222
1820094,1.820094,0.0023188591003418,0,0.0023188591003418,0.0227402395963669,0.0227402395963669
1831559,1.831559,-0.0111453533172607,0,-0.0111453533172607,-0.109298579108715,-0.109298579108715
1843023,1.843023,-0.00134646892547607,0,-0.00134646892547607,-0.0132043494880199,-0.0132043494880199
1854488,1.854488,-0.00374007225036621,0,-0.00374007225036621,-0.0366775795340538,-0.0366775795340538
1865955,1.865955,-0.00441324710845947,0,-0.00441324710845947,-0.0432791697561741,-0.0432791697561741
1888884,1.888884,-0.0108462572097778,0,-0.0108462572097778,-0.106365448266268,-0.106365448266268
1900349,1.900349,-0.000523567199707031,0,-0.000523567199707031,-0.00513444027900696,-0.00513444027900696
1911813,1.911813,0.00299203395843506,0,0.00299203395843506,0.0293418298184872,0.0293418298184872
1923278,1.923278,0.00927543640136719,0,0.00927543640136719,0.0909609583854675,0.0909609583854675
1934742,1.934742,-0.00366520881652832,0,-0.00366520881652832,-0.0359434200406075,-0.0359434200406075
1946207,1.946207,-0.00314164161682129,0,-0.00314164161682129,-0.0308089797616005,-0.0308089797616005
1957673,1.957673,-0.0068817138671875,0,-0.0068817138671875,-0.0674865592956543,-0.0674865592956543
1969137,1.969137,-0.00620853900909424,0,-0.00620853900909424,-0.060884969073534,-0.060884969073534
1980602,1.980602,-0.00201964378356934,0,-0.00201964378356934,-0.0198059397101402,-0.0198059397101402
1992065,1.992065,0.0121926069259644,0,0.0121926069259644,0.119568628710508,0.119568628710508
2003532,2.003532,0.00561010837554932,0,0.00561010837554932,0.0550163693010807,0.0550163693010807
2014998,2.014998,-0.00022435188293457,0,-0.00022435188293457,-0.0022001403927803,-0.0022001403927803
2026463,2.026463,0.00239360332489014,0,0.00239360332489014,0.0234732300460339,0.0234732300460339
2037928,2.037928,-0.00755488872528076,0,-0.00755488872528076,-0.0740881495177746,-0.0740881495177746
2049395,2.049395,-0.00860214233398438,0,-0.00860214233398438,-0.0843581991195679,-0.0843581991195679
2072326,2.072326,-0.00598406791687012,0,-0.00598406791687012,-0.0586836596369743,-0.0586836596369743
2083791,2.083791,-0.00523614883422852,0,-0.00523614883422852,-0.0513490789651871,-0.0513490789651871
2095256,2.095256,-0.0026928186416626,0,-0.0026928186416626,-0.0264075299322605,-0.0264075299322605
2106721,2.106721,0.00583446025848389,0,0.00583446025848389,0.057216509693861,0.057216509693861
2118186,2.118186,0.00157082080841064,0,0.00157082080841064,0.0154044898808002,0.0154044898808002
2129651,2.129651,-0.00561010837554932,0,-0.00561010837554932,-0.0550163693010807,-0.0550163693010807
2141116,2.141116,-0.00216925144195557,0,-0.00216925144195557,-0.0212730896532536,-0.0212730896532536
2152581,2.152581,0.00912582874298096,0,0.00912582874298096,0.0894938084423542,0.0894938084423542
2164047,2.164047,0.0213931798934937,0,0.0213931798934937,0.20979542760253,0.20979542760253
2175512,2.175512,0.000299215316772461,0,0.000299215316772461,0.00293429988622665,0.00293429988622665
2186979,2.186979,-0.00912582874298096,0,-0.00912582874298096,-0.0894938084423542,-0.0894938084423542
2198447,2.198447,-0.00643289089202881,0,-0.00643289089202881,-0.0630851094663143,-0.0630851094663143
2209915,2.209915,-0.0103225708007812,0,-0.0103225708007812,-0.101229838943481,-0.101229838943481
2221384,2.221384,-0.0175783634185791,0,-0.0175783634185791,-0.172384857618809,-0.172384857618809
2232850,2.23285,-0.0116690397262573,0,-0.0116690397262573,-0.114434188431501,-0.114434188431501
2255788,2.255788,0.0165311098098755,0,0.0165311098098755,0.162114808017015,0.162114808017015
2267255,2.267255,0.0237869024276733,0,0.0237869024276733,0.233269826692343,0.233269826692343
2278724,2.278724,0.00142121315002441,0,0.00142121315002441,0.0139373399376869,0.0139373399376869
2290193,2.290193,-0.00695657730102539,0,-0.00695657730102539,-0.0682207187891006,-0.0682207187891006
2301660,2.30166,-0.00553524494171143,0,-0.00553524494171143,-0.0542822098076344,-0.0542822098076344
2313129,2.313129,-0.000822782516479492,0,-0.000822782516479492,-0.00806874016523361,-0.00806874016523361
2324596,2.324596,-0.00523614883422852,0,-0.00523614883422852,-0.0513490789651871,-0.0513490789651871
2336064,2.336064,-0.00912582874298096,0,-0.00912582874298096,-0.0894938084423542,-0.0894938084423542
2347533,2.347533,0.0087517499923706,0,0.0087517499923706,0.0858253490626812,0.0858253490626812
2359001,2.359001,0.00179529190063477,0,0.00179529190063477,0.0176057993173599,0.0176057993173599
2370470,2.37047,-0.00598406791687012,0,-0.00598406791687012,-0.0586836596369743,-0.0586836596369743
2381937,2.381937,0.001944899559021,0,0.001944899559021,0.0190729492604732,0.0190729492604732
2393404,2.393404,0.0130155086517334,0,0.0130155086517334,0.127638537919521,0.127638537919521
2404873,2.404873,0.00598406791687012,0,0.00598406791687012,0.0586836596369743,0.0586836596369743
2416341,2.416341,-0.00703132152557373,0,-0.00703132152557373,-0.0689537092387676,-0.0689537092387676
2439278,2.439278,-0.00665736198425293,0,-0.00665736198425293,-0.065286418902874,-0.065286418902874
2450746,2.450746,-0.00531089305877686,0,-0.00531089305877686,-0.052082069414854,-0.052082069414854
2462215,2.462215,-0.00478732585906982,0,-0.00478732585906982,-0.0469476291358471,-0.0469476291358471
2473682,2.473682,-0.00852739810943604,0,-0.00852739810943604,-0.0836252086699009,-0.0836252086699009
2485150,2.48515,0.00718092918395996,0,0.00718092918395996,0.0704208591818809,0.0704208591818809
2496619,2.496619,0.00845253467559814,0,0.00845253467559814,0.0828910491764545,0.0828910491764545
2508087,2.508087,0.00351572036743164,0,0.00351572036743164,0.0344774391412735,0.0344774391412735
2531021,2.531021,-0.00119686126708984,0,-0.00119686126708984,-0.0117371995449066,-0.0117371995449066
2542489,2.542489,-0.0065077543258667,0,-0.0065077543258667,-0.0638192689597607,-0.0638192689597607
2553957,2.553957,0.000523567199707031,0,0.000523567199707031,0.00513444027900696,0.00513444027900696
2565425,2.565425,0.0240112543106079,0,0.0240112543106079,0.235469967085123,0.235469967085123
2576893,2.576893,0.0191491842269897,0,0.0191491842269897,0.187789347499609,0.187789347499609
2588361,2.588361,0.00613367557525635,0,0.00613367557525635,0.0601508095800877,0.0601508095800877
2599828,2.599828,0.00329124927520752,0,0.00329124927520752,0.0322761297047138,0.0322761297047138
2611297,2.611297,0.0139878988265991,0,0.0139878988265991,0.137174428027868,0.137174428027868
2634231,2.634231,0.0113698244094849,0,0.0113698244094849,0.111499888545275,0.111499888545275
2645701,2.645701,0.000748038291931152,0,0.000748038291931152,0.00733574971556663,0.00733574971556663
2657170,2.65717,0.00501167774200439,0,0.00501167774200439,0.0491477695286274,0.0491477695286274
2668640,2.66864,0.00157082080841064,0,0.00157082080841064,0.0154044898808002,0.0154044898808002
2680110,2.68011,0.0041888952255249,0,0.0041888952255249,0.0410790293633938,0.0410790293633938
2691580,2.69158,0.00261807441711426,0,0.00261807441711426,0.0256745394825935,0.0256745394825935
2703050,2.70305,0.00224399566650391,0,0.00224399566650391,0.0220060801029205,0.0220060801029205
2714521,2.714521,0.00725579261779785,0,0.00725579261779785,0.0711550186753273,0.0711550186753273
2725993,2.725993,0.0103225708007812,0,0.0103225708007812,0.101229838943481,0.101229838943481
2737465,2.737465,0.000373959541320801,0,0.000373959541320801,0.00366729033589363,0.00366729033589363
2748934,2.748934,-0.0138382911682129,0,-0.0138382911682129,-0.135707278084755,-0.135707278084755
2760405,2.760405,-0.00448811054229736,0,-0.00448811054229736,-0.0440133292496204,-0.0440133292496204
2771874,2.771874,0.00605893135070801,0,0.00605893135070801,0.0594178191304207,0.0594178191304207
2783342,2.783342,0.0102478265762329,0,0.0102478265762329,0.100496848493814,0.100496848493814
2794811,2.794811,0.0103974342346191,0,0.0103974342346191,0.101963998436928,0.101963998436928
2817746,2.817746,0.0163815021514893,0,0.0163815021514893,0.160647658073902,0.160647658073902
2829214,2.829214,0.028349757194519,0,0.028349757194519,0.27801614639163,0.27801614639163
2840681,2.840681,0.0435343980789185,0,0.0435343980789185,0.426926604920626,0.426926604920626
2852150,2.85215,0.025881290435791,0,0.025881290435791,0.25380875685215,0.25380875685215
2863618,2.863618,0.00396442413330078,0,0.00396442413330078,0.0388777199268341,0.0388777199268341
2875090,2.87509,0.00748014450073242,0,0.00748014450073242,0.0733551590681076,0.0733551590681076
2886560,2.88656,0.0159326791763306,0,0.0159326791763306,0.156246208244562,0.156246208244562
2898030,2.89803,0.0179523229598999,0,0.0179523229598999,0.176052147954702,0.176052147954702
2909500,2.9095,0.0243853330612183,0,0.0243853330612183,0.239138426464796,0.239138426464796
2920968,2.920968,0.0293970108032227,0,0.0293970108032227,0.288286195993423,0.288286195993423
2932435,2.932435,0.020944356918335,0,0.020944356918335,0.20539397777319,0.20539397777319
2943904,2.943904,0.0201964378356934,0,0.0201964378356934,0.198059397101402,0.198059397101402
2955373,2.955373,0.00852739810943604,0,0.00852739810943604,0.0836252086699009,0.0836252086699009
2966840,2.96684,-0.00366520881652832,0,-0.00366520881652832,-0.0359434200406075,-0.0359434200406075
2978308,2.978308,-0.00201964378356934,0,-0.00201964378356934,-0.0198059397101402,-0.0198059397101402
3001244,3.001244,-0.0274521112442017,0,-0.0274521112442017,-0.26921324673295,-0.26921324673295
3012711,3.012711,-0.0482469201087952,0,-0.0482469201087952,-0.473140659084916,-0.473140659084916
3024180,3.02418,-0.0444320440292358,0,-0.0444320440292358,-0.435729504579306,-0.435729504579306
3035649,3.035649,-0.0528846383094788,0,-0.0528846383094788,-0.51862113827765,-0.51862113827765
3047118,3.047118,-0.0534082055091858,0,-0.0534082055091858,-0.523755578556657,-0.523755578556657
3058586,3.058586,-0.0432352423667908,0,-0.0432352423667908,-0.423992889556289,-0.423992889556289
3070054,3.070054,-0.028349757194519,0,-0.028349757194519,-0.27801614639163,-0.27801614639163
3081520,3.08152,-0.016231894493103,0,-0.016231894493103,-0.159180508130789,-0.159180508130789
3092988,3.092988,0.0159326791763306,0,0.0159326791763306,0.156246208244562,0.156246208244562
3104454,3.104454,0.0315662622451782,0,0.0315662622451782,0.309559285646677,0.309559285646677
3115922,3.115922,0.0507153272628784,0,0.0507153272628784,0.497347464102507,0.497347464102507
3127390,3.12739,0.0946986675262451,0,0.0946986675262451,0.928676687896252,0.928676687896252
3138857,3.138857,0.128957748413086,0,0.128957748413086,1.26464350347519,1.26464350347519
3150325,3.150325,0.162019968032837,0,0.162019968032837,1.58887311950922,1.58887311950922
3161793,3.161793,0.180196642875671,0,0.180196642875671,1.7671254078567,1.7671254078567
3184728,3.184728,0.206900835037231,0,0.206900835037231,2.02900407391787,2.02900407391787
3196195,3.196195,0.241683483123779,0,0.241683483123779,2.37010532977581,2.37010532977581
3207663,3.207663,0.271454453468323,0,0.271454453468323,2.66205881610513,2.66205881610513
3219131,3.219131,0.296139001846313,0,0.296139001846313,2.90413154245615,2.90413154245615
3230599,3.230599,0.340271830558777,0,0.340271830558777,3.33692674714923,3.33692674714923
3242067,3.242067,0.400711417198181,0,0.400711417198181,3.92963661946654,3.92963661946654
3253533,3.253533,0.488677859306335,0,0.488677859306335,4.79229272896647,4.79229272896647
3265000,3.265,0.587191343307495,0,0.587191343307495,5.75837998684645,5.75837998684645
3276468,3.276468,0.710688591003418,0,0.710688591003418,6.96947427096367,6.96947427096367
3287935,3.287935,0.832315683364868,0,0.832315683364868,8.16222859627008,8.16222859627008
3299404,3.299404,0.932624459266663,0,0.932624459266663,9.14592165346742,9.14592165346742
3310873,3.310873,0.971670866012573,0,0.971670866012573,9.5288360981822,9.5288360981822
3322340,3.32234,0.953344464302063,0,0.953344464302063,9.34911549084783,9.34911549084783
3333808,3.333808,1.00391030311584,0,1.00391030311584,9.844996974051,9.844996974051
3345275,3.345275,1.12075018882751,0,1.12075018882751,10.9908048392653,10.9908048392653
3368212,3.368212,1.41262531280518,0,1.41262531280518,13.8531220238209,13.8531220238209
3379680,3.37968,1.53148484230042,0,1.53148484230042,15.0187358287454,15.0187358287454
3391148,3.391148,1.59573936462402,0,1.59573936462402,15.6488574400902,15.6488574400902
3402616,3.402616,1.5982825756073,0,1.5982825756073,15.6737978200793,15.6737978200793
3414084,3.414084,1.6269314289093,0,1.6269314289093,15.9547470973134,15.9547470973134
3425553,3.425553,1.74205088615417,0,1.74205088615417,17.0836833227038,17.0836833227038
3437020,3.43702,1.94887709617615,0,1.94887709617615,19.1119555752158,19.1119555752158
3448490,3.44849,2.11725497245789,0,2.11725497245789,20.7631784756541,20.7631784756541
3459958,3.459958,2.25548815727234,0,2.25548815727234,22.1187829375148,22.1187829375148
3471424,3.471424,2.49934077262878,0,2.49934077262878,24.5101601879001,24.5101601879001
3482893,3.482893,2.7692244052887,0,2.7692244052887,27.1568145141244,27.1568145141244
3494361,3.494361,2.98824310302734,0,2.98824310302734,29.3046542263031,29.3046542263031
3505829,3.505829,3.17322731018066,0,3.17322731018066,31.1187296013832,31.1187296013832
3517298,3.517298,3.35746288299561,0,3.35746288299561,32.9254633815288,32.9254633815288
3528766,3.528766,3.51005792617798,0,3.51005792617798,34.4219095617533,34.4219095617533
3551706,3.551706,4.09896993637085,0,4.09896993637085,40.1971635265112,40.1971635265112
3563176,3.563176,4.45517444610596,0,4.45517444610596,43.690336481905,43.690336481905
3574646,3.574646,4.83434295654297,0,4.83434295654297,47.4087093547821,47.4087093547821
3586116,3.586116,5.17827987670898,0,5.17827987670898,50.7815783529282,50.7815783529282
3597585,3.597585,5.4967098236084,0,5.4967098236084,53.9043093916893,53.9043093916893
3609054,3.609054,5.76891231536865,0,5.76891231536865,56.57370395751,56.57370395751
3620523,3.620523,6.0263786315918,0,6.0263786315918,59.0985860074997,59.0985860074997
3631994,3.631994,6.29386901855469,0,6.29386901855469,61.7217706108093,61.7217706108093
3643463,3.643463,6.55926418304443,0,6.55926418304443,64.3244081006527,64.3244081006527
3654934,3.654934,6.79526281356812,0,6.79526281356812,66.6387640706778,66.6387640706778
3666403,3.666403,7.01166343688965,0,7.01166343688965,68.7609292433739,68.7609292433739
3677873,3.677873,7.18834495544434,0,7.18834495544434,70.4935830573082,70.4935830573082
3689343,3.689343,7.39285182952881,0,7.39285182952881,72.4991103940487,72.4991103940487
3700812,3.700812,7.60663414001465,0,7.60663414001465,74.5955986891747,74.5955986891747
3712279,3.712279,7.81652736663818,0,7.81652736663818,76.6539481000423,76.6539481000423
3735216,3.735216,8.14153957366943,0,8.14153957366943,79.8412290601253,79.8412290601253
3746685,3.746685,8.29136657714844,0,8.29136657714844,81.3105300437927,81.3105300437927
3758154,3.758154,8.44717788696289,0,8.44717788696289,82.8385170251846,82.8385170251846
3769623,3.769623,8.62423324584961,0,8.62423324584961,84.5748369604111,84.5748369604111
3781092,3.781092,8.79620170593262,0,8.79620170593262,86.2612714594841,86.2612714594841
3792561,3.792561,8.95792198181152,0,8.95792198181152,87.847205602932,87.847205602932
3804030,3.80403,9.11059188842773,0,9.11059188842773,89.3443859426498,89.3443859426498
3815498,3.815498,9.228928565979,0,9.228928565979,90.504872321558,90.504872321558
3826968,3.826968,9.37479114532471,0,9.37479114532471,91.9352955852985,91.9352955852985
3838438,3.838438,9.54833030700684,0,9.54833030700684,93.6371334052086,93.6371334052086
3849906,3.849906,9.71072387695312,0,9.71072387695312,95.2296703079224,95.2296703079224
3861375,3.861375,9.81970977783203,0,9.81970977783203,96.2984568927765,96.2984568927765
3872842,3.872842,9.85651206970215,0,9.85651206970215,96.6593640883446,96.6593640883446
3884311,3.884311,9.79502582550049,0,9.79502582550049,96.0563900116444,96.0563900116444
3895780,3.89578,9.68611431121826,0,9.68611431121826,94.9883329101086,94.9883329101086
3918720,3.91872,9.4389705657959,0,9.4389705657959,92.5646806990623,92.5646806990623
3930188,3.930188,9.32579612731934,0,9.32579612731934,91.4548185919762,91.4548185919762
3941658,3.941658,9.22533798217773,0,9.22533798217773,90.4696607229233,90.4696607229233
3953128,3.953128,9.12577724456787,0,9.12577724456787,89.4933034154415,89.4933034154415
3964598,3.964598,9.02314949035645,0,9.02314949035645,88.486868949604,88.486868949604
3976067,3.976067,8.93136787414551,0,8.93136787414551,87.586798762989,87.586798762989
3987536,3.987536,8.85641670227051,0,8.85641670227051,86.8517788533211,86.8517788533211
3999005,3.999005,8.7668046951294,0,8.7668046951294,85.9729852634907,85.9729852634907
4010474,4.010474,8.67509841918945,0,8.67509841918945,85.0736539125442,85.0736539125442
4021945,4.021945,8.59633255004883,0,8.59633255004883,84.3012246019363,84.3012246019363
4033414,4.033414,8.55399417877197,0,8.55399417877197,83.8860270132542,83.8860270132542
4044883,4.044883,8.55212497711182,0,8.55212497711182,83.8676964067936,83.8676964067936
4056352,4.056352,8.56820678710938,0,8.56820678710938,84.0254050888062,84.0254050888062
4067821,4.067821,8.57172298431396,0,8.57172298431396,84.0598872041225,84.0598872041225
4079290,4.07929,8.56858062744141,0,8.56858062744141,84.0290712100983,84.0290712100983
4102228,4.102228,8.58780479431152,0,8.58780479431152,84.2175958861351,84.2175958861351
4113697,4.113697,8.63567733764648,0,8.63567733764648,84.6870651632309,84.6870651632309
4125166,4.125166,8.73314380645752,0,8.73314380645752,85.6428847095966,85.6428847095966
4136635,4.136635,8.89067554473877,0,8.89067554473877,87.1877433308125,87.1877433308125
4148116,4.148116,9.09047031402588,0,9.09047031402588,89.1470607050419,89.1470607050419
4159573,4.159573,9.34524440765381,0,9.34524440765381,91.6455410703182,91.6455410703182
4171042,4.171042,9.65881156921387,0,9.65881156921387,94.7205844752312,94.7205844752312
4182511,4.182511,9.97686767578125,0,9.97686767578125,97.8396493927002,97.8396493927002
4193980,4.19398,10.2706880569458,0,10.2706880569458,100.721043033648,100.721043033648
4205450,4.20545,10.5000295639038,0,10.5000295639038,102.970114922857,102.970114922857
4216919,4.216919,10.7327365875244,0,10.7327365875244,105.252191256046,105.252191256046
4228387,4.228387,10.965518951416,0,10.965518951416,107.535006424904,107.535006424904
4239856,4.239856,11.1358413696289,0,11.1358413696289,109.205298767471,109.205298767471
4251327,4.251327,11.2609090805054,0,11.2609090805054,110.431794034338,110.431794034338
4262797,4.262797,11.3111763000488,0,11.3111763000488,110.924747062874,110.924747062874
4285737,4.285737,11.238543510437,0,11.238543510437,110.212462716627,110.212462716627
4297208,4.297208,11.2027883529663,0,11.2027883529663,109.861824401617,109.861824401617
4308681,4.308681,11.2152061462402,0,11.2152061462402,109.983601354027,109.983601354027
4320154,4.320154,11.2040605545044,0,11.2040605545044,109.874300436831,109.874300436831
4331628,4.331628,11.1188611984253,0,11.1188611984253,109.038780171537,109.038780171537
4343103,4.343103,11.0168323516846,0,11.0168323516846,108.038218981647,108.038218981647
4354577,4.354577,10.943377494812,0,10.943377494812,107.317872909498,107.317872909498
4366049,4.366049,10.9493618011475,0,10.9493618011475,107.376558907223,107.376558907223
4377522,4.377522,11.0210208892822,0,11.0210208892822,108.07929450388,108.07929450388
4388996,4.388996,11.097393989563,0,11.097393989563,108.828258767748,108.828258767748
4400468,4.400468,11.1917924880981,0,11.1917924880981,109.753991803408,109.753991803408
4411939,4.411939,11.3066883087158,0,11.3066883087158,110.880734902668,110.880734902668
4423409,4.423409,11.4689321517944,0,11.4689321517944,112.471803486395,112.471803486395
4434880,4.43488,11.6596755981445,0,11.6596755981445,114.342357704544,114.342357704544
4446351,4.446351,11.859395980835,0,11.859395980835,116.300945595455,116.300945595455
4469295,4.469295,12.225100517273,0,12.225100517273,119.887281987715,119.887281987715
4480766,4.480766,12.3953485488892,0,12.3953485488892,121.556844846964,121.556844846964
4492236,4.492236,12.630898475647,0,12.630898475647,123.866800536203,123.866800536203
4503707,4.503707,12.878565788269,0,12.878565788269,126.295587187529,126.295587187529
4515179,4.515179,13.0601835250854,0,13.0601835250854,128.076648766279,128.076648766279
4526649,4.526649,13.1807632446289,0,13.1807632446289,129.25913187294,129.25913187294
4538122,4.538122,13.2864580154419,0,13.2864580154419,130.295643497133,130.295643497133
4549593,4.549593,13.3689641952515,0,13.3689641952515,131.104752725363,131.104752725363
4561064,4.561064,13.4519939422607,0,13.4519939422607,131.918996393871,131.918996393871
4572534,4.572534,13.4724893569946,0,13.4724893569946,132.119987752771,132.119987752771
4584004,4.584004,13.3818302154541,0,13.3818302154541,131.230925282383,131.230925282383
4595475,4.595475,13.1134424209595,0,13.1134424209595,128.598940117502,128.598940117502
4606946,4.606946,12.6900663375854,0,12.6900663375854,124.447039049482,124.447039049482
4618417,4.618417,12.3063344955444,0,12.3063344955444,120.683915180731,120.683915180731
4629888,4.629888,11.9615745544434,0,11.9615745544434,117.302975104332,117.302975104332
4652831,4.652831,10.863862991333,0,10.863862991333,106.538102003956,106.538102003956
4664302,4.664302,10.0049934387207,0,10.0049934387207,98.1154689058304,98.1154689058304
4675771,4.675771,9.0449161529541,0,9.0449161529541,88.7003269913673,88.7003269913673
4687241,4.687241,8.07040309906006,0,8.07040309906006,79.1436185513973,79.1436185513973
4698713,4.698713,7.15004634857178,0,7.15004634857178,70.1180020242214,70.1180020242214
4710185,4.710185,6.29528999328613,0,6.29528999328613,61.7357056126595,61.7357056126595
4721657,4.721657,5.45160436630249,0,5.45160436630249,53.4619759588003,53.4619759588003
4733128,4.733128,4.63581991195679,0,4.63581991195679,45.461863339591,45.461863339591
4744598,4.744598,3.86618757247925,0,3.86618757247925,37.9143483576536,37.9143483576536
4756069,4.756069,3.15467643737793,0,3.15467643737793,30.9368076846123,30.9368076846123
4767540,4.76754,2.5466902256012,0,2.5466902256012,24.974499700892,24.974499700892
4779010,4.77901,2.03519773483276,0,2.03519773483276,19.9584718662977,19.9584718662977
4790482,4.790482,1.6319432258606,0,1.6319432258606,16.0038960358858,16.0038960358858
4801953,4.801953,1.34261131286621,0,1.34261131286621,13.1665192313194,13.1665192313194
4813424,4.813424,1.12987589836121,0,1.12987589836121,11.0802974786639,11.0802974786639
4836367,4.836367,0.79513943195343,0,0.79513943195343,7.7976541103661,7.7976541103661
4847839,4.847839,0.670520186424255,0,0.670520186424255,6.57555678619742,6.57555678619742
4859312,4.859312,0.567593455314636,0,0.567593455314636,5.56619035856128,5.56619035856128
4870782,4.870782,0.491445541381836,0,0.491445541381836,4.81943441839218,4.81943441839218
4882254,4.882254,0.427939057350159,0,0.427939057350159,4.19664855676293,4.19664855676293
4893726,4.893726,0.374082088470459,0,0.374082088470459,3.66849211289883,3.66849211289883
4905199,4.905199,0.33458685874939,0,0.33458685874939,3.2811762183547,3.2811762183547
4916670,4.91667,0.316559791564941,0,0.316559791564941,3.10439107995033,3.10439107995033
4928142,4.928142,0.312894463539124,0,0.312894463539124,3.06844649086595,3.06844649086595
4939613,4.939613,0.299205780029297,0,0.299205780029297,2.9342063627243,2.9342063627243
4951084,4.951084,0.275643348693848,0,0.275643348693848,2.70313784546852,2.70313784546852
4962558,4.962558,0.250884056091309,0,0.250884056091309,2.46033212866783,2.46033212866783
4974034,4.974034,0.242880344390869,0,0.242880344390869,2.38184252932072,2.38184252932072
4985510,4.98551,0.248490452766418,0,0.248490452766418,2.4368588986218,2.4368588986218
4996982,4.996982,0.241234660148621,0,0.241234660148621,2.36570387994647,2.36570387994647
5019928,5.019928,0.245573163032532,0,0.245573163032532,2.40825005925298,2.40825005925298
5031400,5.0314,0.245049595832825,0,0.245049595832825,2.40311561897397,2.40311561897397
5042872,5.042872,0.243029952049255,0,0.243029952049255,2.38330967926383,2.38330967926383
5054343,5.054343,0.239514231681824,0,0.239514231681824,2.34883224012256,2.34883224012256
5065814,5.065814,0.276840209960938,0,0.276840209960938,2.71487504501343,2.71487504501343
5077286,5.077286,0.283647060394287,0,0.283647060394287,2.78162744481564,2.78162744481564
5088759,5.088759,0.280430674552917,0,0.280430674552917,2.75008547460437,2.75008547460437
5100231,5.100231,0.283347845077515,0,0.283347845077515,2.77869314492941,2.77869314492941
5111703,5.111703,0.281178712844849,0,0.281178712844849,2.75742122431993,2.75742122431993
5123174,5.123174,0.30227267742157,0,0.30227267742157,2.96428235203624,2.96428235203624
5134646,5.134646,0.306835532188416,0,0.306835532188416,3.00902867173552,3.00902867173552
5146118,5.146118,0.277289032936096,0,0.277289032936096,2.71927649484277,2.71927649484277
5157589,5.157589,0.237868666648865,0,0.237868666648865,2.33269475979209,2.33269475979209
5169061,5.169061,0.21572732925415,0,0.21572732925415,2.11556241343021,2.11556241343021
5180532,5.180532,0.19022011756897,0,0.19022011756897,1.86542211595774,1.86542211595774
5203475,5.203475,0.19298779964447,0,0.19298779964447,1.89256380538344,1.89256380538344
5214946,5.214946,0.189696431159973,0,0.189696431159973,1.86028650663495,1.86028650663495
5226417,5.226417,0.186854004859924,0,0.186854004859924,1.83241182675958,1.83241182675958
5237890,5.23789,0.189546823501587,0,0.189546823501587,1.85881935669184,1.85881935669184
5249362,5.249362,0.199046611785889,0,0.199046611785889,1.95198045547009,1.95198045547009
5260836,5.260836,0.193885326385498,0,0.193885326385498,1.90136553599834,1.90136553599834
5272311,5.272311,0.176306962966919,0,0.176306962966919,1.72898067837954,1.72898067837954
5283786,5.283786,0.183113932609558,0,0.183113932609558,1.79573424722552,1.79573424722552
5295248,5.295248,0.192164897918701,0,0.192164897918701,1.88449389617443,1.88449389617443
5306731,5.306731,0.189920902252197,0,0.189920902252197,1.86248781607151,1.86248781607151
5318203,5.318203,0.186704397201538,0,0.186704397201538,1.83094467681646,1.83094467681646
5329675,5.329675,0.181468367576599,0,0.181468367576599,1.77959676689506,1.77959676689506
5341147,5.341147,0.174736142158508,0,0.174736142158508,1.71357618849874,1.71357618849874
5352619,5.352619,0.17383861541748,0,0.17383861541748,1.70477445788383,1.70477445788383
5364092,5.364092,0.180421113967896,0,0.180421113967896,1.76932671729326,1.76932671729326
5387036,5.387036,0.187527179718018,0,0.187527179718018,1.8390134169817,1.8390134169817
5398507,5.398507,0.190968155860901,0,0.190968155860901,1.8727578656733,1.8727578656733
5409977,5.409977,0.197176575660706,0,0.197176575660706,1.93364166570306,1.93364166570306
5421450,5.42145,0.206078052520752,0,0.206078052520752,2.02093533375263,2.02093533375263
5432922,5.432922,0.210117220878601,0,0.210117220878601,2.06054604412913,2.06054604412913
5444392,5.444392,0.200841903686523,0,0.200841903686523,1.96958625478744,1.96958625478744
5455864,5.455864,0.185657143592834,0,0.185657143592834,1.82067462721467,1.82067462721467
5467338,5.467338,0.196129441261292,0,0.196129441261292,1.92337278514504,1.92337278514504
5478810,5.47881,0.187527179718018,0,0.187527179718018,1.8390134169817,1.8390134169817
5490282,5.490282,0.177129864692688,0,0.177129864692688,1.73705058758855,1.73705058758855
5501753,5.501753,0.178625822067261,0,0.178625822067261,1.7517209179759,1.7517209179759
5513224,5.513224,0.175035357475281,0,0.175035357475281,1.71651048838496,1.71651048838496
5524696,5.524696,0.164638042449951,0,0.164638042449951,1.61454765899181,1.61454765899181
5536168,5.536168,0.170322895050049,0,0.170322895050049,1.67029701874256,1.67029701874256
5547641,5.547641,0.16389000415802,0,0.16389000415802,1.60721190927625,1.60721190927625
5570585,5.570585,0.169126033782959,0,0.169126033782959,1.65855981919765,1.65855981919765
5582055,5.582055,0.172716498374939,0,0.172716498374939,1.6937702487886,1.6937702487886
5593526,5.593526,0.173090577125549,0,0.173090577125549,1.69743870816827,1.69743870816827
5604998,5.604998,0.183712363243103,0,0.183712363243103,1.80160284699798,1.80160284699798
5616471,5.616471,0.17825186252594,0,0.17825186252594,1.74805362764001,1.74805362764001
5627943,5.627943,0.169200897216797,0,0.169200897216797,1.6592939786911,1.6592939786911
5639415,5.639415,0.167630076408386,0,0.167630076408386,1.6438894888103,1.6438894888103
5650888,5.650888,0.163590788841248,0,0.163590788841248,1.60427760939002,1.60427760939002
5662360,5.66236,0.160000324249268,0,0.160000324249268,1.56906717979908,1.56906717979908
5673831,5.673831,0.151547789573669,0,0.151547789573669,1.48617613062263,1.48617613062263
5685303,5.685303,0.145264387130737,0,0.145264387130737,1.42455700205564,1.42455700205564
5696774,5.696774,0.150650143623352,0,0.150650143623352,1.47737323096395,1.47737323096395
5708246,5.708246,0.15394139289856,0,0.15394139289856,1.50964936066866,1.50964936066866
5719718,5.719718,0.146610856056213,0,0.146610856056213,1.43776135154366,1.43776135154366
5731190,5.73119,0.143095135688782,0,0.143095135688782,1.40328391240239,1.40328391240239
5754133,5.754133,0.153567433357239,0,0.153567433357239,1.50598207033277,1.50598207033277
5765604,5.765604,0.145488858222961,0,0.145488858222961,1.4267583114922,1.4267583114922
5777076,5.777076,0.135689854621887,0,0.135689854621887,1.33066291282773,1.33066291282773
5788546,5.788546,0.144516348838806,0,0.144516348838806,1.41722125234008,1.41722125234008
5800019,5.800019,0.130977392196655,0,0.130977392196655,1.28444944318533,1.28444944318533
5811492,5.811492,0.135914206504822,0,0.135914206504822,1.33286305322051,1.33286305322051
5822964,5.822964,0.14115035533905,0,0.14115035533905,1.3842121321857,1.3842121321857
5834436,5.834436,0.153492569923401,0,0.153492569923401,1.50524791083932,1.50524791083932
5845909,5.845909,0.149602890014648,0,0.149602890014648,1.46710318136215,1.46710318136215
5857381,5.857381,0.128733277320862,0,0.128733277320862,1.26244219403863,1.26244219403863
5868871,5.868871,0.140327572822571,0,0.140327572822571,1.37614339202046,1.37614339202046
5880325,5.880325,0.137485027313232,0,0.137485027313232,1.34826754310131,1.34826754310131
5891797,5.891797,0.126339673995972,0,0.126339673995972,1.2389689639926,1.2389689639926
5903269,5.903269,0.126938104629517,0,0.126938104629517,1.24483756376505,1.24483756376505
5914742,5.914742,0.133445739746094,0,0.133445739746094,1.30865566368103,1.30865566368103
5937687,5.937687,0.132622957229614,0,0.132622957229614,1.3005869235158,1.3005869235158
5949159,5.949159,0.117662668228149,0,0.117662668228149,1.15387660537958,1.15387660537958
5960632,5.960632,0.138158321380615,0,0.138158321380615,1.35487030236721,1.35487030236721
5972105,5.972105,0.128284454345703,0,0.128284454345703,1.25804074420929,1.25804074420929
5983578,5.983578,0.124245166778564,0,0.124245166778564,1.21842886478901,1.21842886478901
5995050,5.99505,0.125516891479492,0,0.125516891479492,1.23090022382736,1.23090022382736
6006523,6.006523,0.123123168945312,0,0.123123168945312,1.20742582473755,1.20742582473755
6017995,6.017995,0.125741243362427,0,0.125741243362427,1.23310036422014,1.23310036422014
6029467,6.029467,0.123646855354309,0,0.123646855354309,1.21256143406034,1.21256143406034
6040940,6.04094,0.14354395866394,0,0.14354395866394,1.40768536223173,1.40768536223173
6052413,6.052413,0.131126999855042,0,0.131126999855042,1.28591659312844,1.28591659312844
6063885,6.063885,0.121253132820129,0,0.121253132820129,1.18908703497052,1.18908703497052
6075357,6.075357,0.135764598846436,0,0.135764598846436,1.3313959032774,1.3313959032774
6086829,6.086829,0.132997035980225,0,0.132997035980225,1.30425538289547,1.30425538289547
6098301,6.098301,0.124170422554016,0,0.124170422554016,1.21769587433934,1.21769587433934
6121245,6.121245,0.124843597412109,0,0.124843597412109,1.22429746456146,1.22429746456146
6132718,6.132718,0.111678600311279,0,0.111678600311279,1.09519294574261,1.09519294574261
6144190,6.14419,0.0987379550933838,0,0.0987379550933838,0.968288567316532,0.968288567316532
6155663,6.155663,0.120879173278809,0,0.120879173278809,1.18541974463463,1.18541974463463
6167136,6.167136,0.127985239028931,0,0.127985239028931,1.25510644432306,1.25510644432306
6178608,6.178608,0.124768853187561,0,0.124768853187561,1.2235644741118,1.2235644741118
6190081,6.190081,0.114296674728394,0,0.114296674728394,1.1208674852252,1.1208674852252
6201552,6.201552,0.116241455078125,0,0.116241455078125,1.13993926544189,1.13993926544189
6213025,6.213025,0.106966018676758,0,0.106966018676758,1.04897830705643,1.04897830705643
6224497,6.224497,0.0955214500427246,0,0.0955214500427246,0.936745428061485,0.936745428061485
6235968,6.235968,0.108237743377686,0,0.108237743377686,1.06144966609478,1.06144966609478
6247440,6.24744,0.10569441318512,0,0.10569441318512,1.03650811706185,1.03650811706185
6258912,6.258912,0.113922595977783,0,0.113922595977783,1.11719902584553,1.11719902584553
6270385,6.270385,0.110406994819641,0,0.110406994819641,1.08272275574803,1.08272275574803
6281857,6.281857,0.101505517959595,0,0.101505517959595,0.99542908769846,0.99542908769846
6304802,6.304802,0.106292843818665,0,0.106292843818665,1.04237671683431,1.04237671683431
6316276,6.316276,0.120953917503357,0,0.120953917503357,1.1861527350843,1.1861527350843
6327749,6.327749,0.106666922569275,0,0.106666922569275,1.04604517621398,1.04604517621398
6339224,6.339224,0.101505517959595,0,0.101505517959595,0.99542908769846,0.99542908769846
6350698,6.350698,0.114820241928101,0,0.114820241928101,1.12600192550421,1.12600192550421
6362171,6.362171,0.102851986885071,0,0.102851986885071,1.00863343718648,1.00863343718648
6373643,6.373643,0.0887893438339233,0,0.0887893438339233,0.870726018708944,0.870726018708944
6385114,6.385114,0.10487163066864,0,0.10487163066864,1.02843937689662,1.02843937689662
6396584,6.396584,0.119457960128784,0,0.119457960128784,1.17148240469694,1.17148240469694
6408055,6.408055,0.11085569858551,0,0.11085569858551,1.08712303653359,1.08712303653359
6419526,6.419526,0.10606849193573,0,0.10606849193573,1.04017657644153,1.04017657644153
6430999,6.430999,0.0949978828430176,0,0.0949978828430176,0.931610987782478,0.931610987782478
6442470,6.44247,0.0893877744674683,0,0.0893877744674683,0.876594618481398,0.876594618481398
6453941,6.453941,0.0967930555343628,0,0.0967930555343628,0.949215618056059,0.949215618056059
6465411,6.465411,0.104123592376709,0,0.104123592376709,1.02110362718105,1.02110362718105
6488354,6.488354,0.104048848152161,0,0.104048848152161,1.02037063673139,1.02037063673139
6499825,6.499825,0.0895373821258545,0,0.0895373821258545,0.878061768424511,0.878061768424511
6511297,6.511297,0.093950629234314,0,0.093950629234314,0.921340938180685,0.921340938180685
6522768,6.522768,0.0909585952758789,0,0.0909585952758789,0.891999108362198,0.891999108362198
6534240,6.53424,0.098064661026001,0,0.098064661026001,0.961685808050632,0.961685808050632
6545711,6.545711,0.0943994522094727,0,0.0943994522094727,0.925742388010025,0.925742388010025
6557183,6.557183,0.0888640880584717,0,0.0888640880584717,0.871459009158611,0.871459009158611
6568654,6.568654,0.0762975215911865,0,0.0762975215911865,0.748223090112209,0.748223090112209
6580125,6.580125,0.0684432983398438,0,0.0684432983398438,0.671199471664429,0.671199471664429
6591595,6.591595,0.0758486986160278,0,0.0758486986160278,0.743821640282869,0.743821640282869
6603066,6.603066,0.0881161689758301,0,0.0881161689758301,0.864124428486824,0.864124428486824
6614538,6.614538,0.093352198600769,0,0.093352198600769,0.915472338408232,0.915472338408232
6626009,6.626009,0.0955214500427246,0,0.0955214500427246,0.936745428061485,0.936745428061485
6637481,6.637481,0.0990371704101562,0,0.0990371704101562,0.971222867202759,0.971222867202759
6648954,6.648954,0.0966434478759766,0,0.0966434478759766,0.947748468112946,0.947748468112946
6671899,6.671899,0.0883405208587646,0,0.0883405208587646,0.866324568879604,0.866324568879604
6683371,6.683371,0.0908089876174927,0,0.0908089876174927,0.890531958419085,0.890531958419085
6694844,6.694844,0.0846004486083984,0,0.0846004486083984,0.82964698934555,0.82964698934555
6706318,6.706318,0.0864704847335815,0,0.0864704847335815,0.847985779112577,0.847985779112577
6717790,6.71779,0.0795139074325562,0,0.0795139074325562,0.779765060323477,0.779765060323477
6729264,6.729264,0.0851240158081055,0,0.0851240158081055,0.834781429624557,0.834781429624557
6740738,6.740738,0.0865452289581299,0,0.0865452289581299,0.848718769562244,0.848718769562244
6752211,6.752211,0.0749510526657104,0,0.0749510526657104,0.735018740624189,0.735018740624189
6763682,6.763682,0.0702385902404785,0,0.0702385902404785,0.688805270981789,0.688805270981789
6775155,6.775155,0.0796635150909424,0,0.0796635150909424,0.78123221026659,0.78123221026659
6786626,6.786626,0.0748014450073242,0,0.0748014450073242,0.733551590681076,0.733551590681076
6798097,6.798097,0.0850492715835571,0,0.0850492715835571,0.83404843917489,0.83404843917489
6809568,6.809568,0.0779430866241455,0,0.0779430866241455,0.764360570442676,0.764360570442676
6821039,6.821039,0.0727818012237549,0,0.0727818012237549,0.713745650970936,0.713745650970936
6832511,6.832511,0.0821319818496704,0,0.0821319818496704,0.80543959980607,0.80543959980607
6855454,6.855454,0.0642544031143188,0,0.0642544031143188,0.630120442301035,0.630120442301035
6866924,6.866924,0.0815335512161255,0,0.0815335512161255,0.799571000033617,0.799571000033617
6878395,6.878395,0.0767463445663452,0,0.0767463445663452,0.752624539941549,0.752624539941549
6889866,6.889866,0.0723329782485962,0,0.0723329782485962,0.709344201141596,0.709344201141596
6901337,6.901337,0.07218337059021,0,0.07218337059021,0.707877051198482,0.707877051198482
6912807,6.912807,0.0785415172576904,0,0.0785415172576904,0.77022917021513,0.77022917021513
6924278,6.924278,0.0687425136566162,0,0.0687425136566162,0.674133771550655,0.674133771550655
6935749,6.935749,0.0602899789810181,0,0.0602899789810181,0.591242722374201,0.591242722374201
6947220,6.94722,0.0673961639404297,0,0.0673961639404297,0.660930591106415,0.660930591106415
6958692,6.958692,0.0756990909576416,0,0.0756990909576416,0.742354490339756,0.742354490339756
6970163,6.970163,0.0701637268066406,0,0.0701637268066406,0.688071111488342,0.688071111488342
6981635,6.981635,0.0825060606002808,0,0.0825060606002808,0.809108059185743,0.809108059185743
6993107,6.993107,0.0822068452835083,0,0.0822068452835083,0.806173759299517,0.806173759299517
7004579,7.004579,0.0753998756408691,0,0.0753998756408691,0.739420190453529,0.739420190453529
7016051,7.016051,0.0679944753646851,0,0.0679944753646851,0.666798021835089,0.666798021835089
7038992,7.038992,0.0803368091583252,0,0.0803368091583252,0.78783496953249,0.78783496953249
7050463,7.050463,0.0815335512161255,0,0.0815335512161255,0.799571000033617,0.799571000033617
7061934,7.061934,0.0745770931243896,0,0.0745770931243896,0.731351450288296,0.731351450288296
7073406,7.073406,0.0687425136566162,0,0.0687425136566162,0.674133771550655,0.674133771550655
7084879,7.084879,0.0701637268066406,0,0.0701637268066406,0.688071111488342,0.688071111488342
7096349,7.096349,0.0677701234817505,0,0.0677701234817505,0.664597881442308,0.664597881442308
7107821,7.107821,0.0627584457397461,0,0.0627584457397461,0.615450111913681,0.615450111913681
7119292,7.119292,0.0697897672653198,0,0.0697897672653198,0.684403821152449,0.684403821152449
7130764,7.130764,0.0628331899642944,0,0.0628331899642944,0.616183102363348,0.616183102363348
7142236,7.142236,0.0603647232055664,0,0.0603647232055664,0.591975712823868,0.591975712823868
7153707,7.153707,0.0623843669891357,0,0.0623843669891357,0.611781652534008,0.611781652534008
7165177,7.165177,0.073529839515686,0,0.073529839515686,0.721081400686502,0.721081400686502
7176649,7.176649,0.0620104074478149,0,0.0620104074478149,0.608114362198114,0.608114362198114
7188122,7.188122,0.0683685541152954,0,0.0683685541152954,0.670466481214762,0.670466481214762
7199594,7.199594,0.0681440830230713,0,0.0681440830230713,0.668265171778202,0.668265171778202
7222538,7.222538,0.0740534067153931,0,0.0740534067153931,0.726215840965509,0.726215840965509
7234009,7.234009,0.0871436595916748,0,0.0871436595916748,0.854587369334698,0.854587369334698
7245481,7.245481,0.0700141191482544,0,0.0700141191482544,0.686603961545229,0.686603961545229
7256951,7.256951,0.0627584457397461,0,0.0627584457397461,0.615450111913681,0.615450111913681
7268421,7.268421,0.0587939023971558,0,0.0587939023971558,0.576571222943068,0.576571222943068
7279893,7.279893,0.0590183734893799,0,0.0590183734893799,0.578772532379627,0.578772532379627
7291363,7.291363,0.0635064840316772,0,0.0635064840316772,0.622785861629248,0.622785861629248
7302834,7.302834,0.063356876373291,0,0.063356876373291,0.621318711686134,0.621318711686134
7314304,7.314304,0.0682189464569092,0,0.0682189464569092,0.668999331271648,0.668999331271648
7325774,7.325774,0.0604395866394043,0,0.0604395866394043,0.592709872317314,0.592709872317314
7337248,7.337248,0.0602899789810181,0,0.0602899789810181,0.591242722374201,0.591242722374201
7348723,7.348723,0.0697897672653198,0,0.0697897672653198,0.684403821152449,0.684403821152449
7360197,7.360197,0.0730810165405273,0,0.0730810165405273,0.716679950857162,0.716679950857162
7371669,7.371669,0.0640300512313843,0,0.0640300512313843,0.627920301908255,0.627920301908255
7383142,7.383142,0.0684432983398438,0,0.0684432983398438,0.671199471664429,0.671199471664429
7406088,7.406088,0.0619356632232666,0,0.0619356632232666,0.607381371748447,0.607381371748447
7417560,7.41756,0.0708370208740234,0,0.0708370208740234,0.694673870754242,0.694673870754242
7429033,7.429033,0.0611127614974976,0,0.0611127614974976,0.599311462539434,0.599311462539434
7440506,7.440506,0.0451052188873291,0,0.0451052188873291,0.442331094801426,0.442331094801426
7451980,7.45198,0.0483965873718262,0,0.0483965873718262,0.474608393549919,0.474608393549919
7463453,7.463453,0.0469752550125122,0,0.0469752550125122,0.460669884568453,0.460669884568453
7474926,7.474926,0.0522114038467407,0,0.0522114038467407,0.51201896353364,0.51201896353364
7486399,7.486399,0.0572230815887451,0,0.0572230815887451,0.561166733062267,0.561166733062267
7497873,7.497873,0.0552783012390137,0,0.0552783012390137,0.542094952845573,0.542094952845573
7509346,7.509346,0.0566246509552002,0,0.0566246509552002,0.555298133289814,0.555298133289814
7520819,7.520819,0.0602899789810181,0,0.0602899789810181,0.591242722374201,0.591242722374201
7532293,7.532293,0.0624592304229736,0,0.0624592304229736,0.612515812027454,0.612515812027454
7543764,7.543764,0.0586442947387695,0,0.0586442947387695,0.575104072999954,0.575104072999954
7555237,7.555237,0.0632072687149048,0,0.0632072687149048,0.619851561743021,0.619851561743021
7566709,7.566709,0.0484713315963745,0,0.0484713315963745,0.475341383999586,0.475341383999586
7589654,7.589654,0.0477981567382812,0,0.0477981567382812,0.468739793777466,0.468739793777466
7601129,7.601129,0.0521366596221924,0,0.0521366596221924,0.511285973083973,0.511285973083973
7612601,7.612601,0.0484713315963745,0,0.0484713315963745,0.475341383999586,0.475341383999586
7624072,7.624072,0.041589617729187,0,0.041589617729187,0.407854824703932,0.407854824703932
7635545,7.635545,0.0479477643966675,0,0.0479477643966675,0.470206943720579,0.470206943720579
7647018,7.647018,0.063880443572998,0,0.063880443572998,0.626453151965141,0.626453151965141
7658491,7.658491,0.0640300512313843,0,0.0640300512313843,0.627920301908255,0.627920301908255
7669963,7.669963,0.0648528337478638,0,0.0648528337478638,0.635989042073488,0.635989042073488
7681435,7.681435,0.0513137578964233,0,0.0513137578964233,0.50321606387496,0.50321606387496
7692908,7.692908,0.0405423641204834,0,0.0405423641204834,0.397584775102139,0.397584775102139
7704383,7.704383,0.0539318323135376,0,0.0539318323135376,0.528890603357553,0.528890603357553
7715857,7.715857,0.0540814399719238,0,0.0540814399719238,0.530357753300667,0.530357753300667
7727331,7.727331,0.0490697622299194,0,0.0490697622299194,0.481209983772039,0.481209983772039
7738806,7.738806,0.0469752550125122,0,0.0469752550125122,0.460669884568453,0.460669884568453
7750281,7.750281,0.0547546148300171,0,0.0547546148300171,0.536959343522787,0.536959343522787
7773232,7.773232,0.0479477643966675,0,0.0479477643966675,0.470206943720579,0.470206943720579
7784707,7.784707,0.0460028648376465,0,0.0460028648376465,0.451133994460106,0.451133994460106
7796179,7.796179,0.0513137578964233,0,0.0513137578964233,0.50321606387496,0.50321606387496
7807652,7.807652,0.0436840057373047,0,0.0436840057373047,0.428393754863739,0.428393754863739
7819124,7.819124,0.0494437217712402,0,0.0494437217712402,0.484877274107933,0.484877274107933
7830597,7.830597,0.0619356632232666,0,0.0619356632232666,0.607381371748447,0.607381371748447
7842069,7.842069,0.074651837348938,0,0.074651837348938,0.732084440737963,0.732084440737963
7853542,7.853542,0.0709117650985718,0,0.0709117650985718,0.695406861203909,0.695406861203909
7865015,7.865015,0.052361011505127,0,0.052361011505127,0.513486113476753,0.513486113476753
7876488,7.876488,0.0455540418624878,0,0.0455540418624878,0.446732544630766,0.446732544630766
7887960,7.88796,0.0541563034057617,0,0.0541563034057617,0.531091912794113,0.531091912794113
7899433,7.899433,0.0507153272628784,0,0.0507153272628784,0.497347464102507,0.497347464102507
7910907,7.910907,0.0433847904205322,0,0.0433847904205322,0.425459454977512,0.425459454977512
7922380,7.92238,0.0411407947540283,0,0.0411407947540283,0.403453374874592,0.403453374874592
7933854,7.933854,0.0491445064544678,0,0.0491445064544678,0.481942974221706,0.481942974221706
7956800,7.9568,0.0291725397109985,0,0.0291725397109985,0.286084886556864,0.286084886556864
7968273,7.968273,0.051239013671875,0,0.051239013671875,0.502483073425293,0.502483073425293
7979747,7.979747,0.0541563034057617,0,0.0541563034057617,0.531091912794113,0.531091912794113
7991220,7.99122,0.0448808670043945,0,0.0448808670043945,0.440130954408646,0.440130954408646
8002694,8.002694,0.041589617729187,0,0.041589617729187,0.407854824703932,0.407854824703932
8014170,8.01417,0.0403927564620972,0,0.0403927564620972,0.396117625159025,0.396117625159025
8025644,8.025644,0.0362038612365723,0,0.0362038612365723,0.355038595795631,0.355038595795631
8037119,8.037119,0.0458532571792603,0,0.0458532571792603,0.449666844516993,0.449666844516993
8048593,8.048593,0.0417392253875732,0,0.0417392253875732,0.409321974647045,0.409321974647045
8060068,8.060068,0.0203460454940796,0,0.0203460454940796,0.199526547044516,0.199526547044516
8071543,8.071543,0.0293970108032227,0,0.0293970108032227,0.288286195993423,0.288286195993423
8083019,8.083019,0.04106605052948,0,0.04106605052948,0.402720384424925,0.402720384424925
8094492,8.094492,0.0406919717788696,0,0.0406919717788696,0.399051925045252,0.399051925045252
8105965,8.105965,0.050117015838623,0,0.050117015838623,0.491480033373833,0.491480033373833
8117438,8.117438,0.0629827976226807,0,0.0629827976226807,0.617650252306461,0.617650252306461
8140383,8.140383,0.0311174392700195,0,0.0311174392700195,0.305157835817337,0.305157835817337
8151854,8.151854,0.0435343980789185,0,0.0435343980789185,0.426926604920626,0.426926604920626
8163326,8.163326,0.0459281206130981,0,0.0459281206130981,0.450401004010439,0.450401004010439
8174800,8.1748,0.0486958026885986,0,0.0486958026885986,0.477542693436146,0.477542693436146
8186274,8.186274,0.0408415794372559,0,0.0408415794372559,0.400519074988365,0.400519074988365
8197748,8.197748,0.0348575115203857,0,0.0348575115203857,0.341835415351391,0.341835415351391
8209223,8.209223,0.0347079038619995,0,0.0347079038619995,0.340368265408277,0.340368265408277
8220695,8.220695,0.0239365100860596,0,0.0239365100860596,0.234736976635456,0.234736976635456
8232168,8.232168,0.0255073308944702,0,0.0255073308944702,0.250141466516256,0.250141466516256
8243641,8.243641,0.0372511148452759,0,0.0372511148452759,0.365308645397425,0.365308645397425
8255113,8.255113,0.0308182239532471,0,0.0308182239532471,0.30222353593111,0.30222353593111
8266586,8.266586,0.0447312593460083,0,0.0447312593460083,0.438663804465532,0.438663804465532
8278059,8.278059,0.0507153272628784,0,0.0507153272628784,0.497347464102507,0.497347464102507
8289532,8.289532,0.0465265512466431,0,0.0465265512466431,0.456269603782892,0.456269603782892
8301006,8.301006,0.0397195816040039,0,0.0397195816040039,0.389516034936905,0.389516034936905
8323954,8.323954,0.0419635772705078,0,0.0419635772705078,0.411522115039825,0.411522115039825
8335426,8.335426,0.0434596538543701,0,0.0434596538543701,0.426193614470959,0.426193614470959
8346900,8.3469,0.0406172275543213,0,0.0406172275543213,0.398318934595585,0.398318934595585
8358375,8.358375,0.0498925447463989,0,0.0498925447463989,0.489278723937273,0.489278723937273
8369849,8.369849,0.0331370830535889,0,0.0331370830535889,0.324963775527477,0.324963775527477
8381322,8.381322,0.0313417911529541,0,0.0313417911529541,0.307357976210117,0.307357976210117
8392795,8.392795,0.0405423641204834,0,0.0405423641204834,0.397584775102139,0.397584775102139
8404268,8.404268,0.0353810787200928,0,0.0353810787200928,0.346969855630398,0.346969855630398
8415742,8.415742,0.0392707586288452,0,0.0392707586288452,0.385114585107565,0.385114585107565
8427217,8.427217,0.041589617729187,0,0.041589617729187,0.407854824703932,0.407854824703932
8438690,8.43869,0.0365030765533447,0,0.0365030765533447,0.357972895681858,0.357972895681858
8450164,8.450164,0.0405423641204834,0,0.0405423641204834,0.397584775102139,0.397584775102139
8461637,8.461637,0.0296962261199951,0,0.0296962261199951,0.29122049587965,0.29122049587965
8473113,8.473113,0.0187752246856689,0,0.0187752246856689,0.184122057163715,0.184122057163715
8484586,8.484586,0.0213184356689453,0,0.0213184356689453,0.209062437152863,0.209062437152863
8507534,8.507534,0.0374007225036621,0,0.0374007225036621,0.366775795340538,0.366775795340538
8519007,8.519007,0.0458532571792603,0,0.0458532571792603,0.449666844516993,0.449666844516993
8530482,8.530482,0.063356876373291,0,0.063356876373291,0.621318711686134,0.621318711686134
8541956,8.541956,0.0459281206130981,0,0.0459281206130981,0.450401004010439,0.450401004010439
8553430,8.55343,0.0386723279953003,0,0.0386723279953003,0.379245985335112,0.379245985335112
8564904,8.564904,0.0363534688949585,0,0.0363534688949585,0.356505745738745,0.356505745738745
8576377,8.576377,0.0273025035858154,0,0.0273025035858154,0.267746096789837,0.267746096789837
8587851,8.587851,0.038597583770752,0,0.038597583770752,0.378512994885445,0.378512994885445
8599325,8.599325,0.0346330404281616,0,0.0346330404281616,0.339634105914831,0.339634105914831
8610800,8.6108,0.0329874753952026,0,0.0329874753952026,0.323496625584364,0.323496625584364
8622273,8.622273,0.0394203662872314,0,0.0394203662872314,0.386581735050678,0.386581735050678
8633747,8.633747,0.0243104696273804,0,0.0243104696273804,0.23840426697135,0.23840426697135
8645220,8.64522,0.019822359085083,0,0.019822359085083,0.194390937721729,0.194390937721729
8656694,8.656694,0.0478729009628296,0,0.0478729009628296,0.469472784227133,0.469472784227133
8668168,8.668168,0.0411407947540283,0,0.0411407947540283,0.403453374874592,0.403453374874592
8691114,8.691114,0.0221412181854248,0,0.0221412181854248,0.217131177318096,0.217131177318096
8702586,8.702586,0.0252081155776978,0,0.0252081155776978,0.24720716663003,0.24720716663003
8714059,8.714059,0.0333614349365234,0,0.0333614349365234,0.327163915920258,0.327163915920258
8725531,8.725531,0.0251332521438599,0,0.0251332521438599,0.246473007136583,0.246473007136583
8737004,8.737004,0.0157830715179443,0,0.0157830715179443,0.154779058301449,0.154779058301449
8748477,8.748477,0.0122674703598022,0,0.0122674703598022,0.120302788203955,0.120302788203955
8759949,8.759949,0.0195231437683105,0,0.0195231437683105,0.191456637835503,0.191456637835503
8771423,8.771423,0.0237120389938354,0,0.0237120389938354,0.232535667198896,0.232535667198896
8782895,8.782895,0.0316410064697266,0,0.0316410064697266,0.310292276096344,0.310292276096344
8794368,8.794368,0.0296213626861572,0,0.0296213626861572,0.290486336386204,0.290486336386204
8805840,8.80584,0.018176794052124,0,0.018176794052124,0.178253457391262,0.178253457391262
8817312,8.817312,0.0203460454940796,0,0.0203460454940796,0.199526547044516,0.199526547044516
8828785,8.828785,0.0277513265609741,0,0.0277513265609741,0.272147546619177,0.272147546619177
8840257,8.840257,0.027826189994812,0,0.027826189994812,0.272881706112623,0.272881706112623
8851730,8.85173,0.0326133966445923,0,0.0326133966445923,0.319828166204691,0.319828166204691
8874677,8.874677,0.0285741090774536,0,0.0285741090774536,0.28021628678441,0.28021628678441
8886150,8.88615,0.0255820751190186,0,0.0255820751190186,0.250874456965923,0.250874456965923
8897622,8.897622,0.038597583770752,0,0.038597583770752,0.378512994885445,0.378512994885445
8909093,8.909093,0.0345582962036133,0,0.0345582962036133,0.338901115465164,0.338901115465164
8920566,8.920566,0.0314913988113403,0,0.0314913988113403,0.308825126153231,0.308825126153231
8932038,8.932038,0.0265544652938843,0,0.0265544652938843,0.26041034707427,0.26041034707427
8943510,8.94351,0.0154091119766235,0,0.0154091119766235,0.151111767965555,0.151111767965555
8954983,8.954983,0.0172042846679688,0,0.0172042846679688,0.168716398239136,0.168716398239136
8966456,8.966456,0.0226647853851318,0,0.0226647853851318,0.222265617597103,0.222265617597103
8977929,8.977929,0.0256569385528564,0,0.0256569385528564,0.25160861645937,0.25160861645937
8989404,8.989404,0.0296213626861572,0,0.0296213626861572,0.290486336386204,0.290486336386204
9000879,9.000879,0.0348575115203857,0,0.0348575115203857,0.341835415351391,0.341835415351391
9012353,9.012353,0.0334362983703613,0,0.0334362983703613,0.327898075413704,0.327898075413704
9023825,9.023825,0.034408688545227,0,0.034408688545227,0.337433965522051,0.337433965522051
9035298,9.035298,0.0291725397109985,0,0.0291725397109985,0.286084886556864,0.286084886556864
9058244,9.058244,0.0385227203369141,0,0.0385227203369141,0.377778835391998,0.377778835391998
9069716,9.069716,0.0338850021362305,0,0.0338850021362305,0.332298356199265,0.332298356199265
9081187,9.081187,0.0196727514266968,0,0.0196727514266968,0.192923787778616,0.192923787778616
9092658,9.092658,0.0254324674606323,0,0.0254324674606323,0.24940730702281,0.24940730702281
9104130,9.10413,0.0270781517028809,0,0.0270781517028809,0.265545956397057,0.265545956397057
9115601,9.115601,0.0184011459350586,0,0.0184011459350586,0.180453597784042,0.180453597784042
9127072,9.127072,0.0158579349517822,0,0.0158579349517822,0.155513217794895,0.155513217794895
9138543,9.138543,0.0146610736846924,0,0.0146610736846924,0.143776018249989,0.143776018249989
9150014,9.150014,0.0274521112442017,0,0.0274521112442017,0.26921324673295,0.26921324673295
9161486,9.161486,0.0254324674606323,0,0.0254324674606323,0.24940730702281,0.24940730702281
9172959,9.172959,0.0250585079193115,0,0.0250585079193115,0.245740016686916,0.245740016686916
9184433,9.184433,0.0175783634185791,0,0.0175783634185791,0.172384857618809,0.172384857618809
9195904,9.195904,0.0171295404434204,0,0.0171295404434204,0.167983407789469,0.167983407789469
9207376,9.207376,0.0216176509857178,0,0.0216176509857178,0.211996737039089,0.211996737039089
9218847,9.218847,0.0272277593612671,0,0.0272277593612671,0.26701310634017,0.26701310634017
9241792,9.241792,0.0179523229598999,0,0.0179523229598999,0.176052147954702,0.176052147954702
9253263,9.253263,0.0284993648529053,0,0.0284993648529053,0.279483296334744,0.279483296334744
9264732,9.264732,0.0292474031448364,0,0.0292474031448364,0.28681904605031,0.28681904605031
9276204,9.276204,0.0255820751190186,0,0.0255820751190186,0.250874456965923,0.250874456965923
9287675,9.287675,0.0184011459350586,0,0.0184011459350586,0.180453597784042,0.180453597784042
9299146,9.299146,0.0222160816192627,0,0.0222160816192627,0.217865336811542,0.217865336811542
9310618,9.310618,0.0265544652938843,0,0.0265544652938843,0.26041034707427,0.26041034707427
9322089,9.322089,0.0107713937759399,0,0.0107713937759399,0.105631288772821,0.105631288772821
9333561,9.333561,0.0232632160186768,0,0.0232632160186768,0.228134217369556,0.228134217369556
9345033,9.345033,0.0429360866546631,0,0.0429360866546631,0.421059174191952,0.421059174191952
9356505,9.356505,0.0323890447616577,0,0.0323890447616577,0.317628025811911,0.317628025811911
9367976,9.367976,0.0131651163101196,0,0.0131651163101196,0.129105687862635,0.129105687862635
9379448,9.379448,0.0188499689102173,0,0.0188499689102173,0.184855047613382,0.184855047613382
9390920,9.39092,0.030593752861023,0,0.030593752861023,0.300022226494551,0.300022226494551
9402392,9.402392,0.0282001495361328,0,0.0282001495361328,0.276548996448517,0.276548996448517
9425336,9.425336,0.0202711820602417,0,0.0202711820602417,0.198792387551069,0.198792387551069
9436808,9.436808,0.0199719667434692,0,0.0199719667434692,0.195858087664843,0.195858087664843
9448281,9.448281,0.00680696964263916,0,0.00680696964263916,0.0667535688459873,0.0667535688459873
9459752,9.459752,-0.00164568424224854,0,-0.00164568424224854,-0.0161386493742466,-0.0161386493742466
9471224,9.471224,0.0121926069259644,0,0.0121926069259644,0.119568628710508,0.119568628710508
9482697,9.482697,0.0262553691864014,0,0.0262553691864014,0.257477216231823,0.257477216231823
9494169,9.494169,0.0208696126937866,0,0.0208696126937866,0.204660987323523,0.204660987323523
9505639,9.505639,0.0216176509857178,0,0.0216176509857178,0.211996737039089,0.211996737039089
9517112,9.517112,0.0229640007019043,0,0.0229640007019043,0.22519991748333,0.22519991748333
9528584,9.528584,0.010172963142395,0,0.010172963142395,0.0997626890003681,0.0997626890003681
9540056,9.540056,0.0191491842269897,0,0.0191491842269897,0.187789347499609,0.187789347499609
9551528,9.551528,0.0386723279953003,0,0.0386723279953003,0.379245985335112,0.379245985335112
9563000,9.563,0.031940221786499,0,0.031940221786499,0.313226575982571,0.313226575982571
9574471,9.574471,0.0152595043182373,0,0.0152595043182373,0.149644618022442,0.149644618022442
9585943,9.585943,0.00897622108459473,0,0.00897622108459473,0.0880266584992409,0.0880266584992409
9608888,9.608888,0.013239860534668,0,0.013239860534668,0.129838678312302,0.129838678312302
9620359,9.620359,0.0151098966598511,0,0.0151098966598511,0.148177468079329,0.148177468079329
9631831,9.631831,0.0300701856613159,0,0.0300701856613159,0.294887786215544,0.294887786215544
9643301,9.643301,0.0226647853851318,0,0.0226647853851318,0.222265617597103,0.222265617597103
9654772,9.654772,0.0139130353927612,0,0.0139130353927612,0.136440268534422,0.136440268534422
9666243,9.666243,0.0130902528762817,0,0.0130902528762817,0.128371528369188,0.128371528369188
9677714,9.677714,0.0148855447769165,0,0.0148855447769165,0.145977327686548,0.145977327686548
9689185,9.689185,0.025357723236084,0,0.025357723236084,0.248674316573143,0.248674316573143
9700657,9.700657,0.0267789363861084,0,0.0267789363861084,0.26261165651083,0.26261165651083
9712128,9.712128,0.0203460454940796,0,0.0203460454940796,0.199526547044516,0.199526547044516
9723598,9.723598,0.0221412181854248,0,0.0221412181854248,0.217131177318096,0.217131177318096
9735068,9.735068,0.0083777904510498,0,0.0083777904510498,0.0821580587267876,0.0821580587267876
9746539,9.746539,0.0229640007019043,0,0.0229640007019043,0.22519991748333,0.22519991748333
9758010,9.75801,0.0422627925872803,0,0.0422627925872803,0.414456414926052,0.414456414926052
9769480,9.76948,0.0251332521438599,0,0.0251332521438599,0.246473007136583,0.246473007136583
9792424,9.792424,0.0169799327850342,0,0.0169799327850342,0.166516257846355,0.166516257846355
9803895,9.803895,0.0267040729522705,0,0.0267040729522705,0.261877497017384,0.261877497017384
9815366,9.815366,0.0246096849441528,0,0.0246096849441528,0.241338566857576,0.241338566857576
9826838,9.826838,0.0114445686340332,0,0.0114445686340332,0.112232878994942,0.112232878994942
9838310,9.83831,0.0179523229598999,0,0.0179523229598999,0.176052147954702,0.176052147954702
9849782,9.849782,0.0300701856613159,0,0.0300701856613159,0.294887786215544,0.294887786215544
9861251,9.861251,0.020645260810852,0,0.020645260810852,0.202460846930742,0.202460846930742
9872723,9.872723,0.0123422145843506,0,0.0123422145843506,0.121035778653622,0.121035778653622
9884197,9.884197,0.0117437839508057,0,0.0117437839508057,0.115167178881168,0.115167178881168
9895671,9.895671,0.00979900360107422,0,0.00979900360107422,0.0960953986644745,0.0960953986644745
9907144,9.907144,0.0105470418930054,0,0.0105470418930054,0.103431148380041,0.103431148380041
9918617,9.918617,0.0255820751190186,0,0.0255820751190186,0.250874456965923,0.250874456965923
9930090,9.93009,0.0263301134109497,0,0.0263301134109497,0.25821020668149,0.25821020668149
9941563,9.941563,-0.00396442413330078,0,-0.00396442413330078,-0.0388777199268341,-0.0388777199268341
9953036,9.953036,-0.0092005729675293,0,-0.0092005729675293,-0.0902267988920212,-0.0902267988920212
9975983,9.975983,0.00493693351745605,0,0.00493693351745605,0.0484147790789604,0.0484147790789604
9987456,9.987456,0.00119686126708984,0,0.00119686126708984,0.0117371995449066,0.0117371995449066
9998929,9.998929,0.0169799327850342,0,0.0169799327850342,0.166516257846355,0.166516257846355
10010404,10.010404,0.0116690397262573,0,0.0116690397262573,0.114434188431501,0.114434188431501
10021879,10.021879,0.00927543640136719,0,0.00927543640136719,0.0909609583854675,0.0909609583854675
10033352,10.033352,0.0200468301773071,0,0.0200468301773071,0.196592247158289,0.196592247158289
10044826,10.044826,0.0321645736694336,0,0.0321645736694336,0.315426716375351,0.315426716375351
10056299,10.056299,0.0225900411605835,0,0.0225900411605835,0.221532627147436,0.221532627147436
10067771,10.067771,0.00635814666748047,0,0.00635814666748047,0.0623521190166473,0.0623521190166473
10079245,10.079245,0.00344085693359375,0,0.00344085693359375,0.0337432796478271,0.0337432796478271
10090718,10.090718,-0.0023188591003418,0,-0.0023188591003418,-0.0227402395963669,-0.0227402395963669
10102191,10.102191,-0.00022435188293457,0,-0.00022435188293457,-0.0022001403927803,-0.0022001403927803
10113664,10.113664,0.0092005729675293,0,0.0092005729675293,0.0902267988920212,0.0902267988920212
10125138,10.125138,0.0144367218017578,0,0.0144367218017578,0.141575877857208,0.141575877857208
10136611,10.136611,0.00433850288391113,0,0.00433850288391113,0.0425461793065071,0.0425461793065071
10159559,10.159559,0.00344085693359375,0,0.00344085693359375,0.0337432796478271,0.0337432796478271
10171032,10.171032,0.0214680433273315,0,0.0214680433273315,0.210529587095976,0.210529587095976
10182505,10.182505,0.00860214233398438,0,0.00860214233398438,0.0843581991195679,0.0843581991195679
10193981,10.193981,0.0100233554840088,0,0.0100233554840088,0.0982955390572548,0.0982955390572548
10205457,10.205457,0.012117862701416,0,0.012117862701416,0.118835638260841,0.118835638260841
10216931,10.216931,0.0139130353927612,0,0.0139130353927612,0.136440268534422,0.136440268534422
10228405,10.228405,0.013239860534668,0,0.013239860534668,0.129838678312302,0.129838678312302
10239878,10.239878,0.0145114660263062,0,0.0145114660263062,0.142308868306875,0.142308868306875
10251351,10.251351,0.0196727514266968,0,0.0196727514266968,0.192923787778616,0.192923787778616
10262824,10.262824,0.0216176509857178,0,0.0216176509857178,0.211996737039089,0.211996737039089
10274297,10.274297,0.027826189994812,0,0.027826189994812,0.272881706112623,0.272881706112623
10285769,10.285769,0.0216176509857178,0,0.0216176509857178,0.211996737039089,0.211996737039089
10297244,10.297244,0.0204207897186279,0,0.0204207897186279,0.200259537494183,0.200259537494183
10308717,10.308717,0.0147359371185303,0,0.0147359371185303,0.144510177743435,0.144510177743435
10320191,10.320191,0.0183264017105103,0,0.0183264017105103,0.179720607334375,0.179720607334375
10343138,10.343138,0.0199719667434692,0,0.0199719667434692,0.195858087664843,0.195858087664843
10354612,10.354612,0.0151098966598511,0,0.0151098966598511,0.148177468079329,0.148177468079329
10366085,10.366085,0.0227396488189697,0,0.0227396488189697,0.222999777090549,0.222999777090549
10377558,10.377558,0.00994861125946045,0,0.00994861125946045,0.0975625486075878,0.0975625486075878
10389031,10.389031,0.0159326791763306,0,0.0159326791763306,0.156246208244562,0.156246208244562
10400505,10.400505,0.0161571502685547,0,0.0161571502685547,0.158447517681122,0.158447517681122
10411977,10.411977,0.0146610736846924,0,0.0146610736846924,0.143776018249989,0.143776018249989
10423451,10.423451,0.0135390758514404,0,0.0135390758514404,0.132772978198528,0.132772978198528
10434924,10.434924,0.0164563655853271,0,0.0164563655853271,0.161381817567348,0.161381817567348
10446396,10.446396,0.0172042846679688,0,0.0172042846679688,0.168716398239136,0.168716398239136
10457870,10.45787,0.0290977954864502,0,0.0290977954864502,0.285351896107197,0.285351896107197
10469344,10.469344,0.0231884717941284,0,0.0231884717941284,0.227401226919889,0.227401226919889
10480818,10.480818,0.0189247131347656,0,0.0189247131347656,0.185588038063049,0.185588038063049
10492291,10.492291,0.0106217861175537,0,0.0106217861175537,0.104164138829708,0.104164138829708
10503764,10.503764,0.0192239284515381,0,0.0192239284515381,0.188522337949276,0.188522337949276
10526713,10.526713,0.00972414016723633,0,0.00972414016723633,0.0953612391710281,0.0953612391710281
10538185,10.538185,0.0139130353927612,0,0.0139130353927612,0.136440268534422,0.136440268534422
10549658,10.549658,0.0175783634185791,0,0.0175783634185791,0.172384857618809,0.172384857618809
10561131,10.561131,0.00733053684234619,0,0.00733053684234619,0.0718880091249943,0.0718880091249943
10572603,10.572603,0.00299203395843506,0,0.00299203395843506,0.0293418298184872,0.0293418298184872
10584077,10.584077,0.0130155086517334,0,0.0130155086517334,0.127638537919521,0.127638537919521
10595550,10.59555,0.0227396488189697,0,0.0227396488189697,0.222999777090549,0.222999777090549
10607024,10.607024,0.00815331935882568,0,0.00815331935882568,0.0799567492902279,0.0799567492902279
10618498,10.618498,0.018176794052124,0,0.018176794052124,0.178253457391262,0.178253457391262
10629972,10.629972,0.019822359085083,0,0.019822359085083,0.194390937721729,0.194390937721729
10641447,10.641447,0.0128659009933472,0,0.0128659009933472,0.126171387976408,0.126171387976408
10652921,10.652921,0.017353892326355,0,0.017353892326355,0.170183548182249,0.170183548182249
10664395,10.664395,0.0105470418930054,0,0.0105470418930054,0.103431148380041,0.103431148380041
10675870,10.67587,0.00620853900909424,0,0.00620853900909424,0.060884969073534,0.060884969073534
10687342,10.687342,0.0129406452178955,0,0.0129406452178955,0.126904378426075,0.126904378426075
10710292,10.710292,0.0198972225189209,0,0.0198972225189209,0.195125097215176,0.195125097215176
10721767,10.721767,0.0214680433273315,0,0.0214680433273315,0.210529587095976,0.210529587095976
10733241,10.733241,0.0207200050354004,0,0.0207200050354004,0.203193837380409,0.203193837380409
10744715,10.744715,0.0322394371032715,0,0.0322394371032715,0.316160875868797,0.316160875868797
10756190,10.75619,0.0316410064697266,0,0.0316410064697266,0.310292276096344,0.310292276096344
10767665,10.767665,0.0065077543258667,0,0.0065077543258667,0.0638192689597607,0.0638192689597607
10779142,10.779142,0.00949978828430176,0,0.00949978828430176,0.0931610987782478,0.0931610987782478
10790617,10.790617,0.0147359371185303,0,0.0147359371185303,0.144510177743435,0.144510177743435
10802093,10.802093,0.0254324674606323,0,0.0254324674606323,0.24940730702281,0.24940730702281
10813569,10.813569,0.0128659009933472,0,0.0128659009933472,0.126171387976408,0.126171387976408
10825042,10.825042,0.00486207008361816,0,0.00486207008361816,0.0476806195855141,0.0476806195855141
10836516,10.836516,0.00725579261779785,0,0.00725579261779785,0.0711550186753273,0.0711550186753273
10847991,10.847991,0.00785410404205322,0,0.00785410404205322,0.0770224494040012,0.0770224494040012
10859465,10.859465,0.000972390174865723,0,0.000972390174865723,0.00953589010834694,0.00953589010834694
10870939,10.870939,0.0153342485427856,0,0.0153342485427856,0.150377608472109,0.150377608472109
10893886,10.893886,7.48634338378906e-05,0,7.48634338378906e-05,0.00073415949344635,0.00073415949344635
10905360,10.90536,0.00201964378356934,0,0.00201964378356934,0.0198059397101402,0.0198059397101402
10916833,10.916833,0.00620853900909424,0,0.00620853900909424,0.060884969073534,0.060884969073534
10928308,10.928308,0.0218420028686523,0,0.0218420028686523,0.21419687743187,0.21419687743187
10939782,10.939782,0.0196727514266968,0,0.0196727514266968,0.192923787778616,0.192923787778616
10951255,10.951255,0.00740540027618408,0,0.00740540027618408,0.0726221686184406,0.0726221686184406
10962729,10.962729,0.000822782516479492,0,0.000822782516479492,0.00806874016523361,0.00806874016523361
10974204,10.974204,0.00119686126708984,0,0.00119686126708984,0.0117371995449066,0.0117371995449066
10985677,10.985677,0.0142871141433716,0,0.0142871141433716,0.140108727914095,0.140108727914095
10997151,10.997151,0.0140626430511475,0,0.0140626430511475,0.137907418477535,0.137907418477535
11008628,11.008628,0.0106217861175537,0,0.0106217861175537,0.104164138829708,0.104164138829708
11020102,11.020102,0.00396442413330078,0,0.00396442413330078,0.0388777199268341,0.0388777199268341
11031575,11.031575,0.0103225708007812,0,0.0103225708007812,0.101229838943481,0.101229838943481
11043049,11.043049,-0.00224399566650391,0,-0.00224399566650391,-0.0220060801029205,-0.0220060801029205
11054523,11.054523,-0.000673174858093262,0,-0.000673174858093262,-0.00660159022212028,-0.00660159022212028
11077473,11.077473,0.00987374782562256,0,0.00987374782562256,0.0968283891141415,0.0968283891141415
11088949,11.088949,0.0152595043182373,0,0.0152595043182373,0.149644618022442,0.149644618022442
11100425,11.100425,0.00755500793457031,0,0.00755500793457031,0.074089318561554,0.074089318561554
11111900,11.1119,0.0172791481018066,0,0.0172791481018066,0.169450557732582,0.169450557732582
11123373,11.123373,0.0267789363861084,0,0.0267789363861084,0.26261165651083,0.26261165651083
11134848,11.134848,0.0204956531524658,0,0.0204956531524658,0.200993696987629,0.200993696987629
11146322,11.146322,0.00119686126708984,0,0.00119686126708984,0.0117371995449066,0.0117371995449066
11157797,11.157797,-0.00546050071716309,0,-0.00546050071716309,-0.0535492193579674,-0.0535492193579674
11169272,11.169272,0.00905096530914307,0,0.00905096530914307,0.0887596489489079,0.0887596489489079
11180749,11.180749,0.0136886835098267,0,0.0136886835098267,0.134240128141642,0.134240128141642
11192225,11.192225,0.00792896747589111,0,0.00792896747589111,0.0777566088974476,0.0777566088974476
11203701,11.203701,0.013239860534668,0,0.013239860534668,0.129838678312302,0.129838678312302
11215178,11.215178,0.0129406452178955,0,0.0129406452178955,0.126904378426075,0.126904378426075
11226654,11.226654,0.00979900360107422,0,0.00979900360107422,0.0960953986644745,0.0960953986644745
11238129,11.238129,-0.00022435188293457,0,-0.00022435188293457,-0.0022001403927803,-0.0022001403927803
11261082,11.261082,0.0122674703598022,0,0.0122674703598022,0.120302788203955,0.120302788203955
11272556,11.272556,0.0151098966598511,0,0.0151098966598511,0.148177468079329,0.148177468079329
11284031,11.284031,0.0133146047592163,0,0.0133146047592163,0.130571668761969,0.130571668761969
11295505,11.295505,0.00897622108459473,0,0.00897622108459473,0.0880266584992409,0.0880266584992409
11306978,11.306978,0.00486207008361816,0,0.00486207008361816,0.0476806195855141,0.0476806195855141
11318453,11.318453,0.0131651163101196,0,0.0131651163101196,0.129105687862635,0.129105687862635
11329926,11.329926,0.00867700576782227,0,0.00867700576782227,0.0850923586130142,0.0850923586130142
11341400,11.3414,0.00994861125946045,0,0.00994861125946045,0.0975625486075878,0.0975625486075878
11352874,11.352874,0.00523614883422852,0,0.00523614883422852,0.0513490789651871,0.0513490789651871
11364347,11.364347,-0.00403928756713867,0,-0.00403928756713867,-0.0396118794202805,-0.0396118794202805
11375821,11.375821,0.014586329460144,0,0.014586329460144,0.143043027800322,0.143043027800322
11387294,11.387294,0.0136886835098267,0,0.0136886835098267,0.134240128141642,0.134240128141642
11398767,11.398767,0.00673210620880127,0,0.00673210620880127,0.066019409352541,0.066019409352541
11410241,11.410241,-0.00344085693359375,0,-0.00344085693359375,-0.0337432796478271,-0.0337432796478271
11421714,11.421714,0.00800371170043945,0,0.00800371170043945,0.0784895993471146,0.0784895993471146
11444661,11.444661,0.00770449638366699,0,0.00770449638366699,0.0755552994608879,0.0755552994608879
11456135,11.456135,-0.00725579261779785,0,-0.00725579261779785,-0.0711550186753273,-0.0711550186753273
11467608,11.467608,0.00628328323364258,0,0.00628328323364258,0.061617959523201,0.061617959523201
11479081,11.479081,0.0223656892776489,0,0.0223656892776489,0.219332486754656,0.219332486754656
11490554,11.490554,0.0199719667434692,0,0.0199719667434692,0.195858087664843,0.195858087664843
11502025,11.502025,0.00935018062591553,0,0.00935018062591553,0.0916939488351345,0.0916939488351345
11513499,11.513499,0.00665736198425293,0,0.00665736198425293,0.065286418902874,0.065286418902874
11524974,11.524974,0.00770449638366699,0,0.00770449638366699,0.0755552994608879,0.0755552994608879
11536447,11.536447,0.020944356918335,0,0.020944356918335,0.20539397777319,0.20539397777319
11547921,11.547921,0.0143618583679199,0,0.0143618583679199,0.140841718363762,0.140841718363762
11559393,11.559393,0.00239360332489014,0,0.00239360332489014,0.0234732300460339,0.0234732300460339
11570865,11.570865,0.001944899559021,0,0.001944899559021,0.0190729492604732,0.0190729492604732
11582337,11.582337,0.0130155086517334,0,0.0130155086517334,0.127638537919521,0.127638537919521
11593808,11.593808,0.00680696964263916,0,0.00680696964263916,0.0667535688459873,0.0667535688459873
11605279,11.605279,0.00890135765075684,0,0.00890135765075684,0.0872924990057945,0.0872924990057945
